churn,customer_id,gender,first_name,last_name,age_bucket,coverage,contract_type,effective_date,customer_since ,employment_status,income,dependents,marital_Status,other_drivers_relationship,payment_method,credit_history,monthly_charges,Yearly_charges,last_rate_change_date,avgInsurance_rates_zipcode,last_coverage_enquiry_date,initial_sentiment,final-sentiment,auto_and_home_owners_policy_bundle_status,auto_and_renters_policy_bundle_Status,has_customer_dropped_any_coverage,annual_claims,customers_preferred_value,home_owner_status,customer_zip_code_change,state,distance_from_work_location,tenure,bought_new_car,bought_new_house,vehicle_type,vehicle_size,engineHP_bucket,miles_driven_annually_bucket,total_No_claims,deductible
,AIGW000000001,F,Doe,John,<18,Basic,M,24-02-2011,24-02-2011,Employed,56274,N,U,N,E,850,69,,,,,N,N,N,Y,N,0,,O,N,IL,5,,Y,Y,Car,Medsize,>350,<15k,1,250
1,AIGW000000002,F,Jain,Animesh,28-34,Extended,M,31-01-2011,31-01-2011,Unemployed,0,N,M,S,E,704,94,,,,,N,N,Y,Y,Y,0,,R,Y,NJ,10,,Y,Y,Car,Medsize,>350,15k-25k,1,250
0,AIGW000000003,M,Hadim,Salem,>40,Premium,M,19-02-2011,19-02-2011,Employed,48767,Y,M,S,E,691,108,,,,,N,N,Y,Y,Y,0,,O,Y,CT,4,,Y,Y,Van,Medsize,90-160,<15k,1,250
0,AIGW000000004,M,Mowad,Khaled,18-27,Basic,M,20-01-2011,20-01-2011,Unemployed,0,Y,M,S,M,720,106,,,,,P,P,Y,Y,Y,0,,O,Y,CT,5,,N,N,Van,Medsize,90-160,>25k,2,0
1,AIGW000000005,M,,,>40,Basic,Y,03-02-2011,03-02-2011,Employed,43836,Y,M,S,M,771,73,,,,,P,P,Y,Y,Y,1,,O,Y,WY,5,,N,N,Van,Medsize,90-160,<15k,2,0
1,AIGW000000006,F,,,>40,Basic,Y,25-01-2011,25-01-2011,Employed,62902,N,U,S,M,722,69,,,,,P,P,Y,Y,Y,1,,R,Y,DE,2,,Y,Y,Truck,Medsize,90-160,<15k,1,0
0,AIGW000000007,F,,,>40,Basic,Y,24-02-2011,24-02-2011,Employed,55350,Y,U,S,E,788,67,,,,,N,N,Y,Y,Y,3,,R,Y,NJ,1,,N,N,Truck,Medsize,90-160,<15k,3,300
0,AIGW000000008,F,,,>40,Premium,M,18-01-2011,18-01-2011,Unemployed,0,Y,M,S,M,747,101,,,,,O,O,Y,Y,Y,1,,R,Y,ME,1,,Y,Y,Car,Medsize,<90,<15k,2,1000
0,AIGW000000009,F,,,>40,Basic,Y,26-01-2011,26-01-2011,Medical Leave,14072,N,U,C,E,717,71,,,,,O,O,N,N,N,0,,R,N,CA,10,,Y,Y,Car,Medsize,>350,15k-25k,2,1000
0,AIGW000000010,F,,,35-40,Extended,M,17-02-2011,17-02-2011,Employed,28812,N,M,C,E,785,93,,,,,P,P,N,N,N,1,,O,N,NJ,50,,Y,Y,Truck,Medsize,90-160,<15k,3,250
0,AIGW000000011,M,,,>40,Basic,O,21-02-2011,21-02-2011,Unemployed,0,N,U,S,E,836,67,,,,,N,N,Y,Y,Y,1,,O,Y,KS,100,,N,N,Utility,Small,90-160,<15k,4,250
0,AIGW000000012,F,,,35-40,Basic,M,06-01-2011,06-01-2011,Unemployed,0,N,M,C,M,718,110,,,,,P,P,Y,Y,Y,3,,O,Y,CT,120,,Y,Y,Truck,Medsize,>350,>25k,5,250
0,AIGW000000013,F,,,>40,Premium,Y,06-02-2011,06-02-2011,Employed,77026,Y,M,S,M,793,110,,,,,N,N,N,N,N,1,,O,N,WV,90,,Y,Y,Car,Medsize,90-160,<15k,1,250
0,AIGW000000014,F,,,<18,Basic,Y,10-01-2011,10-01-2011,Employed,99845,Y,U,C,M,577,110,,,,,O,O,Y,Y,Y,1,,R,Y,CT,80,,N,N,Truck,Medsize,<90,>25k,5,0
0,AIGW000000015,M,,,18-27,Basic,Y,18-01-2011,18-01-2011,Employed,83689,Y,U,S,E,635,70,,,,,N,N,N,N,N,0,,O,N,CT,40,,N,N,Car,Medsize,161-350,>25k,4,0
0,AIGW000000016,M,,,35-40,Basic,M,17-01-2011,17-01-2011,Employed,24599,N,U,C,M,734,64,,,,,N,N,Y,Y,Y,1,,R,Y,NM,30,,N,N,Truck,Medsize,90-160,<15k,2,0
0,AIGW000000017,M,,,35-40,Basic,M,06-02-2011,06-02-2011,Medical Leave,25049,N,U,S,E,644,67,,,,,N,N,N,N,N,2,,O,N,SC,60,,N,N,Truck,Medsize,90-160,<15k,1,300
0,AIGW000000018,F,,,>40,Basic,O,05-01-2011,05-01-2011,Medical Leave,28855,Y,M,C,M,686,101,,,,,P,P,N,N,N,1,,O,N,WY,20,,Y,Y,Car,Medsize,<90,<15k,3,1000
0,AIGW000000019,M,,,18-27,Basic,O,27-02-2011,27-02-2011,Employed,51148,Y,M,S,C,640,72,,,,,P,P,Y,Y,Y,3,,R,Y,CT,15,,Y,Y,Car,Medsize,161-350,<15k,2,1000
0,AIGW000000020,F,,,35-40,Premium,M,14-01-2011,14-01-2011,Employed,66140,N,M,S,C,733,101,,,,,P,P,Y,Y,Y,3,,O,Y,CA,13,,Y,Y,Truck,Small,161-350,>25k,0,250
0,AIGW000000021,M,,,>40,Basic,O,19-02-2011,19-02-2011,Employed,57749,Y,M,S,C,728,74,,,,,N,N,Y,Y,Y,1,,O,Y,NJ,12,,N,N,Van,Medsize,<90,<15k,0,250
0,AIGW000000022,M,,,35-40,Extended,M,21-01-2011,21-01-2011,Disabled,13789,Y,M,S,E,681,79,,,,,O,O,Y,Y,Y,1,,O,Y,CT,15,,N,N,Utility,Medsize,90-160,<15k,0,250
0,AIGW000000023,M,,,>40,Basic,Y,26-01-2011,26-01-2011,Medical Leave,14072,Y,M,S,M,771,71,,,,,O,O,Y,Y,Y,1,,R,Y,ID,21,,Y,Y,Van,Medsize,90-160,<15k,0,250
0,AIGW000000024,M,,,28-34,Basic,M,24-02-2011,24-02-2011,Unemployed,0,N,U,S,E,768,73,,,,,P,P,Y,Y,Y,1,,R,Y,ME,30,,Y,Y,Van,Medsize,90-160,<15k,0,0
1,AIGW000000025,F,,,>40,Basic,M,05-02-2011,05-02-2011,Disabled,17870,Y,U,S,E,737,61,,,,,N,N,Y,Y,Y,1,,R,Y,CT,5,,N,N,Car,Medsize,90-160,<15k,0,0
1,AIGW000000026,F,,,>40,Basic,M,29-01-2011,29-01-2011,Employed,97541,Y,M,S,M,792,72,,,,,P,P,Y,Y,Y,1,,R,Y,CT,10,,Y,Y,Car,Large,90-160,15k-25k,0,0
1,AIGW000000027,M,,,18-27,Premium,M,28-02-2011,28-02-2011,Unemployed,0,N,M,C,E,542,111,,,,,N,N,N,N,N,2,,O,N,CT,4,,Y,Y,Car,Small,90-160,>25k,0,300
1,AIGW000000028,M,,,>40,Extended,Y,12-02-2011,12-02-2011,Disabled,10511,N,M,C,E,718,139,,,,,O,O,N,N,N,0,,O,N,CT,5,,Y,Y,Truck,Medsize,90-160,<15k,0,1000
1,AIGW000000029,M,,,>40,Premium,Y,02-02-2011,02-02-2011,Employed,86584,N,M,S,M,798,111,,,,,N,N,Y,Y,Y,0,,O,Y,NE,5,,N,N,Utility,Large,90-160,<15k,0,1000
1,AIGW000000030,F,,,>40,Extended,Y,07-02-2011,07-02-2011,Employed,75690,N,M,C,M,709,80,,,,,N,N,Y,Y,Y,0,,O,Y,NJ,2,,Y,Y,Car,Small,90-160,<15k,0,250
1,AIGW000000031,M,,,18-27,Basic,M,28-02-2011,28-02-2011,Employed,23158,Y,M,S,M,618,63,,,,,N,N,N,N,N,3,,R,N,NJ,1,,Y,Y,Car,Small,90-160,15k-25k,0,250
0,AIGW000000032,F,,,35-40,Extended,Y,22-01-2011,22-01-2011,Employed,65999,Y,U,C,E,721,237,,,,,P,P,Y,Y,Y,2,,O,Y,NJ,1,,N,N,Truck,Medsize,161-350,>25k,0,250
0,AIGW000000033,M,,,<18,Basic,M,25-01-2011,25-01-2011,Unemployed,0,Y,U,S,M,676,65,,,,,P,P,N,N,N,0,,R,N,WV,10,,N,N,Truck,Medsize,90-160,<15k,0,250
1,AIGW000000034,M,,,>40,Basic,O,18-01-2011,18-01-2011,Employed,54500,N,M,C,E,762,63,,,,,P,P,Y,Y,Y,1,,O,Y,NJ,50,,N,N,Utility,Small,90-160,<15k,0,0
0,AIGW000000035,M,,,28-34,Basic,M,13-02-2011,13-02-2011,Employed,37260,N,M,S,M,764,62,,,,,N,N,N,N,N,0,,O,N,NJ,100,,N,N,Utility,Medsize,90-160,<15k,0,0
1,AIGW000000036,F,,,>40,Basic,Y,15-01-2011,15-01-2011,Employed,68987,Y,U,C,C,760,71,,,,,O,O,N,N,N,0,,R,N,NJ,120,,Y,Y,Truck,Medsize,<90,<15k,0,0
1,AIGW000000037,F,,,28-34,Premium,Y,08-01-2011,08-01-2011,Employed,42305,Y,U,S,C,706,117,,,,,O,O,Y,Y,Y,0,,R,Y,CT,90,,Y,Y,Car,Small,90-160,<15k,0,300
1,AIGW000000038,M,,,18-27,Extended,Y,06-02-2011,06-02-2011,Employed,65706,N,M,S,C,608,91,,,,,P,P,Y,Y,Y,0,,R,Y,CT,80,,Y,Y,Van,Small,>350,<15k,0,1000
1,AIGW000000039,M,,,18-27,Extended,M,25-01-2011,25-01-2011,Unemployed,0,Y,U,S,E,681,90,,,,,N,N,Y,Y,Y,2,,R,Y,UT,40,,N,N,Car,Small,161-350,>25k,0,1000
0,AIGW000000040,F,,,>40,Basic,M,07-02-2011,07-02-2011,Employed,53243,Y,M,S,M,773,66,,,,,P,P,Y,Y,Y,0,,O,Y,CT,30,,N,N,Truck,Medsize,90-160,<15k,2,250
0,AIGW000000041,M,,,18-27,Basic,O,18-01-2011,18-01-2011,Unemployed,0,Y,U,S,E,712,70,,,,,N,N,Y,Y,Y,0,,O,Y,CT,60,,Y,Y,Van,Medsize,90-160,>25k,2,250
0,AIGW000000042,M,,,18-27,Basic,O,11-01-2011,11-01-2011,Employed,50071,N,M,S,E,689,71,,,,,O,O,Y,Y,Y,0,,O,Y,OK,20,,Y,Y,Truck,Medsize,90-160,<15k,1,250
0,AIGW000000043,M,,,28-34,Extended,M,28-01-2011,28-01-2011,Employed,60021,Y,M,S,M,783,99,,,,,N,N,Y,Y,Y,1,,O,Y,CT,15,,N,N,Truck,Small,<90,<15k,3,250
0,AIGW000000044,M,,,18-27,Basic,O,08-02-2011,08-02-2011,Employed,43244,Y,U,S,E,628,103,,,,,N,N,Y,Y,Y,3,,R,Y,NV,13,,Y,Y,Car,Medsize,90-160,<15k,0,0
0,AIGW000000045,M,,,18-27,Basic,M,23-02-2011,23-02-2011,Employed,92834,N,U,C,E,647,61,,,,,N,N,N,N,N,1,,O,N,VT,12,,Y,Y,Car,Large,161-350,>25k,0,0
0,AIGW000000046,M,,,18-27,Premium,Y,25-01-2011,25-01-2011,Disabled,10105,N,U,C,M,366,172,,,,,P,P,N,N,N,2,,R,N,UT,15,,Y,Y,Utility,Medsize,>350,15k-25k,0,0
0,AIGW000000047,M,,,>40,Basic,M,31-01-2011,31-01-2011,Unemployed,0,N,U,S,M,708,73,,,,,P,P,Y,Y,Y,0,,O,Y,CT,21,,N,N,Utility,Medsize,90-160,<15k,0,300
0,AIGW000000048,M,,,18-27,Basic,M,02-01-2011,02-01-2011,Employed,23218,N,M,C,M,618,71,,,,,P,P,Y,Y,Y,1,,O,Y,CT,30,,Y,Y,Car,Medsize,161-350,>25k,0,1000
0,AIGW000000049,F,,,>40,Extended,M,07-02-2011,07-02-2011,Unemployed,0,Y,M,S,E,773,92,,,,,N,N,N,N,N,1,,R,N,CT,5,,Y,Y,Car,Medsize,90-160,<15k,0,1000
0,AIGW000000050,M,,,18-27,Basic,M,18-01-2011,18-01-2011,Unemployed,0,Y,M,C,M,615,62,,,,,O,O,Y,Y,Y,3,,O,Y,MN,10,,N,N,Car,Medsize,90-160,<15k,0,250
0,AIGW000000051,F,,,35-40,Basic,Y,17-01-2011,17-01-2011,Employed,24804,Y,M,S,E,389,104,,,,,O,O,N,N,N,2,,O,N,SD,4,,N,N,Van,Small,161-350,>25k,0,250
0,AIGW000000052,M,,,35-40,Basic,Y,11-01-2011,11-01-2011,Employed,33190,N,U,C,M,688,106,,,,,P,P,Y,Y,Y,0,,O,Y,NV,5,,N,N,Utility,Medsize,90-160,<15k,0,250
0,AIGW000000053,F,,,<18,Basic,Y,21-02-2011,21-02-2011,Employed,36014,N,U,S,C,673,69,,,,,N,N,N,N,N,0,,R,N,NJ,5,,N,N,Truck,Medsize,<90,<15k,0,250
0,AIGW000000054,M,,,>40,Basic,M,16-02-2011,16-02-2011,Employed,29834,Y,M,C,C,799,64,,,,,P,P,N,N,N,0,,R,N,VT,2,,Y,Y,Utility,Medsize,90-160,<15k,3,0
0,AIGW000000055,F,,,35-40,Premium,Y,17-01-2011,17-01-2011,Disabled,16701,Y,M,S,C,729,113,,,,,N,N,Y,Y,Y,0,,R,Y,NJ,1,,Y,Y,Car,Small,<90,>25k,2,0
0,AIGW000000056,F,,,<18,Extended,M,05-02-2011,05-02-2011,Employed,46623,N,M,S,E,768,91,,,,,O,O,Y,Y,Y,0,,R,Y,NJ,1,,Y,Y,Car,Small,90-160,15k-25k,0,0
0,AIGW000000057,M,,,18-27,Basic,O,13-02-2011,13-02-2011,Employed,64749,Y,M,S,M,751,64,,,,,N,N,Y,Y,Y,0,,O,Y,AR,10,,N,N,Utility,Medsize,<90,<15k,0,300
1,AIGW000000058,F,,,>40,Basic,M,23-02-2011,23-02-2011,Unemployed,0,Y,M,S,E,778,101,,,,,N,N,Y,Y,Y,3,,O,Y,NJ,50,,N,N,Truck,Small,90-160,15k-25k,0,1000
1,AIGW000000059,M,,,35-40,Extended,Y,28-01-2011,28-01-2011,Disabled,16969,Y,M,S,E,379,124,,,,,N,N,Y,Y,Y,3,,O,Y,CT,100,,Y,Y,Truck,Medsize,90-160,15k-25k,0,1000
1,AIGW000000060,F,,,35-40,Premium,Y,28-02-2011,28-02-2011,Disabled,11621,N,U,S,M,504,108,,,,,P,P,Y,Y,Y,2,,O,Y,CT,120,,Y,Y,Truck,Medsize,161-350,15k-25k,0,250
1,AIGW000000061,M,,,>40,Basic,Y,02-01-2011,02-01-2011,Retired,17622,Y,U,S,E,743,65,,,,,P,P,Y,Y,Y,1,,R,Y,NJ,90,,N,N,Truck,Medsize,90-160,<15k,0,250
1,AIGW000000062,M,,,>40,Premium,M,22-01-2011,22-01-2011,Medical Leave,11489,Y,M,S,E,778,105,,,,,P,P,Y,Y,Y,1,,O,Y,KY,80,,Y,Y,Van,Small,90-160,<15k,0,250
1,AIGW000000063,F,,,>40,Extended,M,15-01-2011,15-01-2011,Unemployed,0,N,U,C,M,744,94,,,,,N,N,N,N,N,1,,R,N,NJ,40,,Y,Y,Car,Small,90-160,<15k,0,250
1,AIGW000000064,M,,,>40,Basic,O,27-01-2011,27-01-2011,Employed,66525,N,M,S,M,750,100,,,,,O,O,N,N,N,1,,O,N,NJ,30,,Y,Y,Utility,Medsize,<90,<15k,0,0
0,AIGW000000065,F,,,35-40,Basic,O,23-01-2011,23-01-2011,Unemployed,0,N,U,S,M,379,63,,,,,O,O,Y,Y,Y,2,,R,Y,NJ,60,,N,N,Van,Large,>350,>25k,0,0
0,AIGW000000066,F,,,18-27,Basic,M,31-01-2011,31-01-2011,Employed,33663,N,M,S,E,732,73,,,,,P,P,Y,Y,Y,0,,R,Y,SC,20,,Y,Y,Car,Medsize,90-160,>25k,1,0
1,AIGW000000067,F,,,>40,Basic,O,26-01-2011,26-01-2011,Employed,22547,Y,M,S,M,676,112,,,,,N,N,N,N,N,0,,R,N,MD,15,,Y,Y,Car,Medsize,90-160,<15k,1,300
0,AIGW000000068,F,,,18-27,Extended,M,10-01-2011,10-01-2011,Employed,61486,Y,U,S,E,700,97,,,,,P,P,Y,Y,Y,0,,R,Y,NJ,13,,N,N,Truck,Small,>350,15k-25k,1,1000
1,AIGW000000069,F,,,35-40,Extended,Y,27-01-2011,27-01-2011,Unemployed,0,Y,U,S,M,671,95,,,,,N,N,N,N,N,1,,O,N,NJ,12,,N,N,Car,Large,90-160,<15k,1,1000
1,AIGW000000070,F,,,>40,Premium,M,09-01-2011,09-01-2011,Disabled,29879,N,M,S,C,677,102,,,,,O,O,Y,Y,Y,0,,O,Y,NJ,15,,N,N,Car,Medsize,90-160,<15k,1,250
1,AIGW000000071,F,,,35-40,Basic,M,24-02-2011,24-02-2011,Employed,93011,N,M,S,C,352,113,,,,,N,N,N,N,N,2,,O,N,NJ,21,,N,N,Truck,Medsize,161-350,>25k,1,250
1,AIGW000000072,F,,,>40,Basic,M,11-02-2011,11-02-2011,Employed,65186,Y,U,C,C,788,65,,,,,N,N,N,N,N,3,,O,N,NJ,30,,Y,Y,Truck,Large,90-160,<15k,1,250
0,AIGW000000073,M,,,18-27,Basic,M,12-02-2011,12-02-2011,Medical Leave,26840,Y,U,C,E,682,64,,,,,N,N,Y,Y,Y,1,,R,Y,NJ,15,,Y,Y,Van,Medsize,161-350,>25k,1,250
0,AIGW000000074,F,,,18-27,Basic,Y,04-02-2011,04-02-2011,Unemployed,0,N,M,S,M,724,104,,,,,P,P,Y,Y,Y,0,,O,Y,CT,21,,Y,Y,Car,Medsize,161-350,<15k,1,0
0,AIGW000000075,F,,,>40,Basic,Y,18-01-2011,18-01-2011,Employed,75644,Y,U,C,E,793,65,,,,,P,P,Y,Y,Y,0,,R,Y,WY,30,,N,N,Truck,Medsize,90-160,15k-25k,1,0
0,AIGW000000076,F,,,>40,Basic,Y,11-02-2011,11-02-2011,Employed,38984,Y,M,S,E,714,73,,,,,P,P,Y,Y,Y,0,,O,Y,CT,5,,N,N,Car,Small,90-160,<15k,2,0
0,AIGW000000077,F,,,35-40,Basic,M,01-02-2011,01-02-2011,Employed,71811,Y,U,C,M,653,71,,,,,N,N,Y,Y,Y,2,,O,Y,CT,10,,Y,Y,Truck,Medsize,>350,>25k,2,300
0,AIGW000000078,F,,,35-40,Basic,Y,15-02-2011,15-02-2011,Employed,20961,N,M,S,E,620,67,,,,,O,O,Y,Y,Y,2,,R,Y,NJ,4,,Y,Y,Truck,Medsize,>350,>25k,1,1000
0,AIGW000000079,M,,,>40,Extended,M,06-02-2011,06-02-2011,Employed,38923,Y,M,C,E,697,99,,,,,O,O,Y,Y,Y,0,,O,Y,NJ,5,,N,N,Utility,Medsize,90-160,<15k,3,1000
0,AIGW000000080,F,,,>40,Basic,O,27-02-2011,27-02-2011,Employed,61321,Y,U,S,M,751,186,,,,,P,P,Y,Y,Y,0,,O,Y,NJ,5,,Y,Y,Car,Small,90-160,<15k,2,250
0,AIGW000000081,F,,,>40,Extended,M,26-01-2011,26-01-2011,Unemployed,0,N,U,C,M,757,77,,,,,N,N,N,N,N,1,,O,N,NJ,2,,Y,Y,Truck,Large,90-160,<15k,2,250
0,AIGW000000082,F,,,35-40,Basic,Y,26-02-2011,26-02-2011,Employed,51066,N,U,C,M,683,74,,,,,P,P,N,N,N,0,,R,N,PA,1,,Y,Y,Car,Medsize,90-160,<15k,3,250
0,AIGW000000083,F,,,35-40,Basic,Y,27-01-2011,27-01-2011,Employed,34378,N,U,S,E,586,102,,,,,N,N,Y,Y,Y,3,,R,Y,NE,1,,N,N,Truck,Medsize,>350,>25k,4,250
0,AIGW000000084,M,,,>40,Basic,Y,16-01-2011,16-01-2011,Employed,43072,N,M,C,M,708,63,,,,,O,O,Y,Y,Y,0,,R,Y,MS,10,,Y,Y,Van,Large,90-160,<15k,5,0
0,AIGW000000085,M,,,18-27,Extended,M,27-01-2011,27-01-2011,Disabled,25222,Y,M,S,E,732,90,,,,,N,N,N,N,N,2,,R,N,CT,50,,Y,Y,Car,Small,161-350,15k-25k,1,0
0,AIGW000000086,M,,,>40,Basic,M,28-02-2011,28-02-2011,Employed,36765,Y,M,S,M,815,66,,,,,N,N,Y,Y,Y,0,,O,Y,NJ,100,,N,N,Utility,Medsize,90-160,<15k,5,0
0,AIGW000000087,M,,,28-34,Extended,O,25-01-2011,25-01-2011,Retired,23091,Y,M,S,C,766,96,,,,,N,N,N,N,N,1,,O,N,NJ,120,,N,N,Utility,Medsize,90-160,<15k,4,300
0,AIGW000000088,M,,,18-27,Basic,O,01-01-2011,01-01-2011,Employed,48269,N,U,S,C,532,69,,,,,P,P,Y,Y,Y,2,,O,Y,NJ,90,,N,N,Car,Medsize,161-350,>25k,2,1000
0,AIGW000000089,F,,,35-40,Basic,M,01-02-2011,01-02-2011,Employed,32720,N,U,S,C,791,67,,,,,P,P,N,N,N,0,,O,N,NM,80,,N,N,Truck,Medsize,90-160,<15k,1,1000
0,AIGW000000090,M,,,>40,Extended,O,19-02-2011,19-02-2011,Employed,20396,Y,M,S,E,767,76,,,,,P,P,N,N,N,0,,R,N,CT,40,,Y,Y,Utility,Medsize,90-160,<15k,3,250
1,AIGW000000091,M,,,>40,Premium,M,27-01-2011,27-01-2011,Medical Leave,21513,Y,M,S,M,739,119,,,,,N,N,Y,Y,Y,1,,O,Y,NJ,30,,Y,Y,Utility,Small,90-160,<15k,2,250
1,AIGW000000092,F,,,>40,Extended,Y,27-02-2011,27-02-2011,Employed,72540,N,M,S,E,715,88,,,,,O,O,Y,Y,Y,1,,R,Y,KY,60,,Y,Y,Car,Medsize,>350,15k-25k,0,250
1,AIGW000000093,M,,,18-27,Basic,M,17-01-2011,17-01-2011,Employed,80744,Y,M,S,E,757,63,,,,,O,O,Y,Y,Y,0,,O,Y,KY,20,,N,N,Truck,Medsize,90-160,<15k,0,250
1,AIGW000000094,M,,,>40,Basic,M,10-02-2011,10-02-2011,Employed,52822,Y,M,C,M,308,67,,,,,P,P,Y,Y,Y,3,,R,Y,WY,15,,N,N,Truck,Small,90-160,>25k,0,0
1,AIGW000000095,M,,,>40,Extended,M,24-01-2011,24-01-2011,Unemployed,0,Y,M,C,E,737,77,,,,,N,N,Y,Y,Y,0,,O,Y,NJ,13,,Y,Y,Truck,Medsize,90-160,<15k,0,0
1,AIGW000000096,M,,,18-27,Basic,M,24-02-2011,24-02-2011,Employed,69738,N,U,S,E,713,74,,,,,P,P,Y,Y,Y,0,,O,Y,LA,12,,Y,Y,Van,Large,161-350,>25k,0,0
1,AIGW000000097,F,,,>40,Basic,Y,15-02-2011,15-02-2011,Medical Leave,17780,Y,U,C,M,726,109,,,,,N,N,Y,Y,Y,0,,O,Y,AR,15,,N,N,Car,Medsize,90-160,<15k,0,300
0,AIGW000000098,M,,,>40,Basic,Y,16-02-2011,16-02-2011,Medical Leave,18107,Y,M,S,M,769,62,,,,,O,O,Y,Y,Y,0,,R,Y,WI,21,,Y,Y,Van,Medsize,90-160,<15k,0,1000
0,AIGW000000099,F,,,35-40,Basic,Y,22-01-2011,22-01-2011,Employed,57740,Y,U,C,M,634,74,,,,,N,N,N,N,N,0,,R,N,NJ,30,,Y,Y,Van,Medsize,161-350,>25k,0,1000
1,AIGW000000100,M,,,18-27,Extended,M,25-02-2011,25-02-2011,Employed,32627,N,M,S,E,559,76,,,,,N,N,N,N,N,0,,R,N,CT,5,,Y,Y,Van,Small,<90,>25k,0,250
0,AIGW000000101,F,,,35-40,Basic,Y,11-01-2011,11-01-2011,Unemployed,0,Y,U,C,M,323,107,,,,,N,N,Y,Y,Y,3,,R,Y,CT,10,,N,N,Van,Medsize,161-350,15k-25k,0,250
1,AIGW000000102,M,,,18-27,Basic,M,31-01-2011,31-01-2011,Unemployed,0,Y,M,S,E,685,70,,,,,P,P,Y,Y,Y,1,,O,Y,CT,4,,Y,Y,Car,Medsize,161-350,>25k,1,250
1,AIGW000000103,F,,,18-27,Basic,O,12-01-2011,12-01-2011,Employed,65795,Y,M,C,M,791,62,,,,,P,P,N,N,N,0,,O,N,NJ,5,,Y,Y,Car,Medsize,90-160,15k-25k,1,250
1,AIGW000000104,F,,,35-40,Premium,M,16-02-2011,16-02-2011,Employed,60475,N,U,C,C,319,107,,,,,P,P,Y,Y,Y,2,,O,Y,CT,5,,Y,Y,Truck,Medsize,161-350,>25k,1,0
1,AIGW000000105,F,,,>40,Extended,Y,09-02-2011,09-02-2011,Unemployed,0,Y,U,S,C,795,130,,,,,N,N,N,N,N,0,,O,N,NJ,2,,N,N,Car,Medsize,90-160,<15k,1,0
0,AIGW000000106,F,,,35-40,Extended,Y,19-01-2011,19-01-2011,Employed,41837,Y,U,C,C,409,88,,,,,O,O,Y,Y,Y,3,,R,Y,CT,1,,Y,Y,Utility,Small,161-350,15k-25k,1,0
0,AIGW000000107,F,,,35-40,Basic,Y,04-01-2011,04-01-2011,Employed,32303,N,U,S,E,401,65,,,,,O,O,N,N,N,2,,O,N,NJ,1,,Y,Y,Utility,Medsize,161-350,>25k,1,300
0,AIGW000000108,M,,,35-40,Basic,M,09-01-2011,09-01-2011,Unemployed,0,N,M,C,M,751,117,,,,,P,P,N,N,N,1,,R,N,CT,10,,Y,Y,Van,Medsize,90-160,<15k,1,1000
0,AIGW000000109,M,,,35-40,Basic,M,27-01-2011,27-01-2011,Employed,40531,N,M,S,E,466,74,,,,,N,N,Y,Y,Y,3,,O,Y,NH,50,,N,N,Truck,Medsize,90-160,15k-25k,1,1000
0,AIGW000000110,F,,,35-40,Basic,O,14-02-2011,14-02-2011,Employed,79898,N,M,S,E,478,62,,,,,P,P,Y,Y,Y,2,,O,Y,CT,100,,Y,Y,Truck,Medsize,>350,>25k,1,250
0,AIGW000000111,M,,,>40,Extended,O,27-02-2011,27-02-2011,Employed,56398,Y,M,S,M,789,85,,,,,N,N,Y,Y,Y,1,,R,Y,IN,120,,Y,Y,Utility,Small,90-160,<15k,1,250
0,AIGW000000112,F,,,>40,Extended,M,12-02-2011,12-02-2011,Employed,35257,Y,U,S,E,762,98,,,,,O,O,Y,Y,Y,1,,O,Y,NJ,90,,N,N,Car,Small,90-160,<15k,2,250
0,AIGW000000113,M,,,>40,Basic,O,26-02-2011,26-02-2011,Employed,27804,Y,U,S,E,825,109,,,,,N,N,Y,Y,Y,0,,O,Y,CT,80,,N,N,Utility,Medsize,90-160,<15k,2,250
0,AIGW000000114,M,,,<18,Basic,M,20-02-2011,20-02-2011,Employed,45506,N,M,S,E,537,66,,,,,N,N,Y,Y,Y,1,,O,Y,NJ,40,,N,N,Truck,Medsize,<90,>25k,1,0
0,AIGW000000115,F,,,>40,Basic,Y,02-02-2011,02-02-2011,Employed,65196,N,M,S,M,750,67,,,,,N,N,Y,Y,Y,1,,R,Y,MN,30,,N,N,Truck,Medsize,<90,<15k,3,0
0,AIGW000000116,M,,,18-27,Basic,M,15-02-2011,15-02-2011,Unemployed,0,Y,M,S,M,611,102,,,,,P,P,Y,Y,Y,2,,R,Y,CT,60,,Y,Y,Car,Medsize,161-350,<15k,2,0
0,AIGW000000117,M,,,28-34,Extended,M,18-02-2011,18-02-2011,Retired,20993,Y,M,C,M,675,133,,,,,P,P,N,N,N,0,,R,N,NV,20,,Y,Y,Utility,Medsize,90-160,<15k,2,300
0,AIGW000000118,F,,,35-40,Extended,M,21-01-2011,21-01-2011,Employed,37839,N,M,C,E,614,86,,,,,P,P,N,N,N,0,,R,N,CT,15,,Y,Y,Truck,Medsize,161-350,>25k,3,1000
0,AIGW000000119,M,,,>40,Basic,M,15-01-2011,15-01-2011,Employed,92711,Y,M,S,M,781,62,,,,,N,N,Y,Y,Y,0,,O,Y,CT,13,,N,N,Utility,Medsize,90-160,<15k,4,1000
0,AIGW000000120,F,,,>40,Extended,Y,05-02-2011,05-02-2011,Employed,74665,Y,U,C,E,719,78,,,,,O,O,Y,Y,Y,1,,O,Y,NJ,12,,N,N,Car,Medsize,90-160,<15k,5,250
0,AIGW000000121,M,,,18-27,Extended,Y,24-02-2011,24-02-2011,Unemployed,0,Y,U,S,E,462,83,,,,,O,O,N,N,N,3,,O,N,CT,15,,Y,Y,Car,Medsize,>350,>25k,1,250
0,AIGW000000122,M,,,>40,Basic,Y,05-01-2011,05-01-2011,Employed,46833,N,M,C,E,759,112,,,,,P,P,Y,Y,Y,1,,O,Y,WV,15,,Y,Y,Van,Medsize,90-160,<15k,5,250
0,AIGW000000123,F,,,>40,Basic,M,28-01-2011,28-01-2011,Employed,88768,Y,U,S,M,692,68,,,,,N,N,N,N,N,1,,R,N,SC,21,,N,N,Truck,Small,>350,<15k,4,250
1,AIGW000000124,F,,,35-40,Basic,Y,12-01-2011,12-01-2011,Employed,28262,Y,M,C,M,585,192,,,,,P,P,Y,Y,Y,0,,O,Y,NJ,30,,Y,Y,Truck,Medsize,161-350,>25k,2,0
1,AIGW000000125,F,,,18-27,Basic,M,16-02-2011,16-02-2011,Employed,33555,N,U,S,M,789,63,,,,,N,N,N,N,N,0,,R,N,AZ,5,,Y,Y,Car,Medsize,90-160,<15k,1,0
1,AIGW000000126,M,,,>40,Premium,O,03-01-2011,03-01-2011,Employed,42780,N,M,C,E,688,113,,,,,O,O,N,N,N,0,,O,N,MA,10,,Y,Y,Utility,Medsize,<90,<15k,3,0
1,AIGW000000127,F,,,18-27,Extended,M,07-02-2011,07-02-2011,Employed,58850,N,M,S,M,682,78,,,,,N,N,Y,Y,Y,0,,O,Y,CT,4,,N,N,Car,Medsize,>350,15k-25k,2,300
1,AIGW000000128,M,,,28-34,Extended,Y,13-01-2011,13-01-2011,Employed,21880,N,U,S,E,699,97,,,,,N,N,Y,Y,Y,1,,R,Y,GA,5,,Y,Y,Van,Medsize,90-160,>25k,0,1000
1,AIGW000000129,M,,,>40,Basic,Y,03-01-2011,03-01-2011,Retired,25251,Y,U,S,M,685,66,,,,,N,N,Y,Y,Y,0,,R,Y,VT,5,,Y,Y,Van,Medsize,90-160,<15k,0,1000
1,AIGW000000130,F,,,18-27,Basic,Y,17-02-2011,17-02-2011,Unemployed,0,Y,U,S,C,321,69,,,,,P,P,Y,Y,Y,1,,R,Y,NJ,2,,N,N,Car,Medsize,<90,>25k,0,250
0,AIGW000000131,M,,,<18,Basic,M,21-01-2011,21-01-2011,Employed,24188,Y,U,S,C,596,109,,,,,P,P,Y,Y,Y,0,,R,Y,CT,1,,N,N,Truck,Medsize,>350,<15k,0,250
0,AIGW000000132,F,,,>40,Basic,M,26-01-2011,26-01-2011,Employed,41611,N,M,S,C,793,74,,,,,P,P,Y,Y,Y,1,,O,Y,NJ,1,,N,N,Car,Medsize,90-160,<15k,0,250
1,AIGW000000133,M,,,<18,Basic,O,31-01-2011,31-01-2011,Employed,28406,N,M,S,E,654,72,,,,,N,N,Y,Y,Y,0,,O,Y,NJ,10,,N,N,Van,Medsize,>350,<15k,0,250
0,AIGW000000134,F,,,>40,Premium,O,02-01-2011,02-01-2011,Employed,69833,Y,M,S,M,783,118,,,,,O,O,Y,Y,Y,0,,O,Y,CT,50,,Y,Y,Car,Small,90-160,<15k,0,0
1,AIGW000000135,M,,,18-27,Basic,M,07-02-2011,07-02-2011,Unemployed,0,Y,M,C,E,645,74,,,,,O,O,N,N,N,1,,O,N,CT,100,,Y,Y,Car,Small,>350,>25k,0,0
1,AIGW000000136,M,,,>40,Basic,O,26-01-2011,26-01-2011,Unemployed,0,N,U,C,E,687,117,,,,,P,P,N,N,N,1,,R,N,NJ,120,,Y,Y,Car,Medsize,90-160,<15k,0,0
1,AIGW000000137,M,,,>40,Basic,M,11-01-2011,11-01-2011,Employed,80536,Y,U,S,M,709,119,,,,,N,N,Y,Y,Y,0,,O,Y,CT,90,,N,N,Truck,Medsize,90-160,<15k,0,300
1,AIGW000000138,M,,,<18,Basic,Y,15-01-2011,15-01-2011,Unemployed,0,Y,M,C,E,691,63,,,,,P,P,Y,Y,Y,0,,R,Y,CT,80,,N,N,Utility,Small,<90,<15k,0,1000
0,AIGW000000139,M,,,18-27,Extended,M,08-02-2011,08-02-2011,Employed,97732,Y,M,S,E,675,79,,,,,N,N,N,N,N,2,,O,N,VT,40,,Y,Y,Car,Medsize,161-350,>25k,0,1000
0,AIGW000000140,M,,,35-40,Extended,M,11-01-2011,11-01-2011,Employed,61222,N,M,C,M,683,89,,,,,O,O,Y,Y,Y,1,,O,Y,NJ,30,,Y,Y,Van,Small,90-160,<15k,0,250
0,AIGW000000141,M,,,18-27,Basic,M,09-01-2011,09-01-2011,Unemployed,0,Y,M,S,M,421,74,,,,,N,N,N,N,N,3,,R,N,FL,60,,N,N,Car,Large,90-160,>25k,0,250
0,AIGW000000142,M,,,18-27,Premium,M,04-02-2011,04-02-2011,Employed,50335,Y,M,C,M,695,140,,,,,N,N,Y,Y,Y,1,,O,Y,WV,20,,Y,Y,Car,Medsize,>350,>25k,0,250
0,AIGW000000143,F,,,>40,Extended,Y,21-01-2011,21-01-2011,Unemployed,0,N,M,S,E,672,127,,,,,N,N,N,N,N,0,,O,N,CT,15,,Y,Y,Car,Medsize,90-160,<15k,0,250
0,AIGW000000144,M,,,18-27,Premium,Y,16-02-2011,16-02-2011,Employed,63221,N,U,C,M,610,168,,,,,P,P,N,N,N,1,,O,N,CT,13,,Y,Y,Car,Medsize,>350,<15k,0,0
0,AIGW000000145,M,,,>40,Extended,Y,24-02-2011,24-02-2011,Unemployed,0,N,U,S,E,686,96,,,,,P,P,Y,Y,Y,0,,R,Y,CT,12,,N,N,Truck,Large,90-160,<15k,0,0
0,AIGW000000146,F,,,35-40,Extended,M,18-01-2011,18-01-2011,Employed,64495,N,M,S,M,666,92,,,,,P,P,Y,Y,Y,3,,R,Y,ND,15,,Y,Y,Truck,Medsize,>350,>25k,0,0
0,AIGW000000147,F,,,>40,Basic,Y,30-01-2011,30-01-2011,Unemployed,0,Y,U,S,C,672,72,,,,,N,N,Y,Y,Y,2,,R,Y,NJ,21,,Y,Y,Car,Medsize,90-160,<15k,0,300
0,AIGW000000148,M,,,>40,Basic,M,09-01-2011,09-01-2011,Employed,28859,Y,M,S,C,758,67,,,,,O,O,Y,Y,Y,1,,R,Y,NJ,30,,N,N,Van,Medsize,90-160,<15k,2,1000
0,AIGW000000149,F,,,18-27,Extended,O,01-02-2011,01-02-2011,Employed,77330,Y,U,S,C,591,99,,,,,O,O,Y,Y,Y,0,,O,Y,WV,5,,N,N,Car,Medsize,>350,<15k,2,1000
0,AIGW000000150,M,,,>40,Premium,M,28-02-2011,28-02-2011,Unemployed,0,N,M,S,E,730,105,,,,,P,P,Y,Y,Y,0,,O,Y,CT,10,,N,N,Van,Large,90-160,<15k,1,250
0,AIGW000000151,M,,,>40,Basic,Y,31-01-2011,31-01-2011,Employed,24495,N,M,S,M,689,70,,,,,N,N,Y,Y,Y,0,,O,Y,NJ,4,,N,N,Truck,Small,<90,<15k,3,250
0,AIGW000000152,M,,,>40,Basic,Y,17-02-2011,17-02-2011,Employed,95697,Y,M,S,E,707,107,,,,,P,P,Y,Y,Y,0,,O,Y,NJ,5,,Y,Y,Van,Medsize,90-160,<15k,0,250
0,AIGW000000153,F,,,>40,Extended,Y,12-02-2011,12-02-2011,Disabled,26372,Y,M,C,E,745,126,,,,,N,N,N,N,N,0,,R,N,RI,5,,Y,Y,Car,Medsize,90-160,<15k,0,250
0,AIGW000000154,F,,,28-34,Extended,M,24-02-2011,24-02-2011,Medical Leave,17514,N,U,C,M,762,127,,,,,O,O,N,N,N,1,,O,N,NJ,2,,Y,Y,Truck,Medsize,>350,<15k,0,0
0,AIGW000000155,M,,,18-27,Basic,M,01-02-2011,01-02-2011,Employed,89270,Y,U,S,E,495,74,,,,,N,N,Y,Y,Y,2,,R,Y,SC,1,,N,N,Car,Medsize,>350,>25k,0,0
0,AIGW000000156,F,,,35-40,Basic,O,06-02-2011,06-02-2011,Employed,29757,Y,M,C,E,489,65,,,,,N,N,Y,Y,Y,3,,O,Y,KY,1,,N,N,Van,Small,161-350,>25k,0,0
1,AIGW000000157,M,,,18-27,Extended,O,23-01-2011,23-01-2011,Employed,51814,Y,M,S,M,670,92,,,,,N,N,N,N,N,2,,R,N,CT,10,,Y,Y,Car,Medsize,161-350,>25k,0,300
1,AIGW000000158,F,,,18-27,Extended,M,21-01-2011,21-01-2011,Employed,24028,N,M,C,M,738,82,,,,,P,P,Y,Y,Y,1,,R,Y,FL,50,,Y,Y,Car,Small,161-350,>25k,0,1000
1,AIGW000000159,F,,,35-40,Basic,O,20-01-2011,20-01-2011,Retired,28142,Y,M,S,M,691,105,,,,,P,P,N,N,N,3,,R,N,CT,100,,N,N,Truck,Medsize,>350,>25k,0,1000
1,AIGW000000160,F,,,35-40,Basic,M,06-01-2011,06-01-2011,Employed,52705,Y,M,C,E,638,64,,,,,P,P,Y,Y,Y,2,,R,Y,WA,120,,Y,Y,Van,Large,90-160,<15k,0,250
1,AIGW000000161,F,,,35-40,Basic,Y,22-02-2011,22-02-2011,Unemployed,0,N,M,S,M,689,63,,,,,N,N,N,N,N,0,,O,N,ND,90,,Y,Y,Car,Medsize,90-160,<15k,0,250
1,AIGW000000162,F,,,18-27,Basic,M,27-02-2011,27-02-2011,Employed,84903,N,U,C,E,736,111,,,,,O,O,N,N,N,1,,O,N,NJ,80,,Y,Y,Car,Medsize,90-160,>25k,3,250
1,AIGW000000163,F,,,>40,Basic,M,21-02-2011,21-02-2011,Unemployed,0,N,U,S,M,781,118,,,,,O,O,Y,Y,Y,1,,O,Y,KS,40,,N,N,Car,Medsize,90-160,<15k,2,250
0,AIGW000000164,F,,,18-27,Basic,M,29-01-2011,29-01-2011,Retired,24910,N,M,S,C,507,63,,,,,P,P,Y,Y,Y,0,,O,Y,NJ,30,,Y,Y,Car,Medsize,<90,>25k,0,0
0,AIGW000000165,M,,,18-27,Extended,M,22-02-2011,22-02-2011,Unemployed,0,Y,U,S,C,644,77,,,,,N,N,Y,Y,Y,3,,R,Y,VT,60,,Y,Y,Car,Medsize,>350,<15k,0,0
1,AIGW000000166,F,,,>40,Basic,Y,21-02-2011,21-02-2011,Medical Leave,21876,Y,M,S,C,736,68,,,,,P,P,Y,Y,Y,0,,O,Y,CT,20,,N,N,Truck,Small,>350,<15k,0,0
0,AIGW000000167,F,,,28-34,Basic,Y,10-01-2011,10-01-2011,Unemployed,0,Y,U,S,E,726,69,,,,,N,N,Y,Y,Y,0,,R,Y,NJ,15,,N,N,Car,Small,90-160,<15k,0,300
1,AIGW000000168,M,,,>40,Basic,Y,18-01-2011,18-01-2011,Unemployed,0,N,M,S,M,816,61,,,,,O,O,Y,Y,Y,1,,O,Y,NE,13,,N,N,Utility,Small,90-160,<15k,0,1000
1,AIGW000000169,M,,,18-27,Extended,M,16-01-2011,16-01-2011,Employed,70699,N,M,S,E,643,82,,,,,N,N,Y,Y,Y,2,,O,Y,NJ,12,,N,N,Car,Medsize,90-160,<15k,0,1000
1,AIGW000000170,M,,,18-27,Basic,Y,06-01-2011,06-01-2011,Unemployed,0,Y,U,S,E,422,74,,,,,N,N,Y,Y,Y,1,,R,Y,NJ,15,,Y,Y,Car,Medsize,>350,>25k,0,250
1,AIGW000000171,M,,,35-40,Basic,M,27-01-2011,27-01-2011,Medical Leave,27501,Y,M,C,M,511,63,,,,,P,P,N,N,N,2,,O,N,CT,21,,Y,Y,Truck,Medsize,161-350,>25k,0,250
0,AIGW000000172,M,,,>40,Premium,O,15-01-2011,15-01-2011,Disabled,15897,N,M,S,E,778,101,,,,,P,P,N,N,N,4,,O,N,OK,30,,Y,Y,Utility,Medsize,90-160,<15k,0,250
0,AIGW000000173,F,,,>40,Basic,M,09-01-2011,09-01-2011,Employed,25141,Y,U,S,E,740,73,,,,,P,P,Y,Y,Y,0,,O,Y,DE,5,,N,N,Truck,Medsize,90-160,<15k,0,250
0,AIGW000000174,M,,,18-27,Basic,Y,28-01-2011,28-01-2011,Unemployed,0,Y,U,S,M,705,61,,,,,N,N,Y,Y,Y,3,,R,Y,IL,10,,N,N,Car,Small,90-160,15k-25k,1,0
0,AIGW000000175,F,,,35-40,Basic,Y,26-02-2011,26-02-2011,Employed,51066,Y,U,S,M,696,74,,,,,O,O,N,N,N,2,,R,N,NJ,4,,Y,Y,Truck,Medsize,>350,>25k,1,0
0,AIGW000000176,M,,,18-27,Basic,Y,04-01-2011,04-01-2011,Employed,28358,N,U,S,M,556,117,,,,,O,O,Y,Y,Y,3,,R,Y,NJ,5,,Y,Y,Car,Medsize,90-160,>25k,1,0
0,AIGW000000177,M,,,>40,Basic,M,01-02-2011,01-02-2011,Employed,61846,Y,M,S,E,672,112,,,,,P,P,N,N,N,4,,R,N,CT,5,,N,N,Utility,Medsize,90-160,<15k,1,300
0,AIGW000000178,M,,,18-27,Basic,M,27-01-2011,27-01-2011,Employed,90972,Y,M,S,M,418,74,,,,,N,N,Y,Y,Y,3,,O,Y,ME,2,,Y,Y,Car,Medsize,90-160,>25k,1,1000
0,AIGW000000179,F,,,<18,Basic,O,14-02-2011,14-02-2011,Unemployed,0,N,M,S,E,529,74,,,,,P,P,N,N,N,0,,O,N,NJ,1,,Y,Y,Truck,Medsize,161-350,>25k,1,1000
0,AIGW000000180,M,,,35-40,Basic,O,23-01-2011,23-01-2011,Employed,29549,N,M,C,M,306,104,,,,,N,N,N,N,N,2,,O,N,NJ,1,,Y,Y,Truck,Small,90-160,>25k,1,250
0,AIGW000000181,M,,,>40,Premium,M,18-02-2011,18-02-2011,Unemployed,0,N,U,C,C,710,115,,,,,O,O,Y,Y,Y,1,,O,Y,CT,10,,N,N,Car,Medsize,90-160,<15k,1,250
0,AIGW000000182,M,,,>40,Extended,O,24-01-2011,24-01-2011,Employed,39411,N,U,S,C,798,217,,,,,N,N,Y,Y,Y,0,,R,Y,CT,50,,Y,Y,Van,Medsize,90-160,<15k,1,250
0,AIGW000000183,F,,,35-40,Basic,M,18-02-2011,18-02-2011,Employed,21709,Y,M,C,C,639,62,,,,,N,N,Y,Y,Y,0,,O,Y,NJ,100,,Y,Y,Truck,Large,161-350,>25k,1,250
0,AIGW000000184,F,,,35-40,Extended,Y,19-01-2011,19-01-2011,Employed,67890,Y,M,S,E,583,85,,,,,N,N,Y,Y,Y,2,,R,Y,WY,120,,N,N,Truck,Small,>350,>25k,2,0
0,AIGW000000185,M,,,>40,Basic,M,04-01-2011,04-01-2011,Unemployed,0,Y,M,C,M,772,110,,,,,P,P,Y,Y,Y,0,,O,Y,OK,90,,N,N,Utility,Medsize,90-160,<15k,2,0
0,AIGW000000186,M,,,<18,Basic,M,07-02-2011,07-02-2011,Employed,84311,N,M,S,E,522,111,,,,,P,P,Y,Y,Y,1,,R,Y,WV,80,,N,N,Van,Small,161-350,>25k,1,0
0,AIGW000000187,M,,,18-27,Basic,M,30-01-2011,30-01-2011,Employed,99316,N,M,C,E,445,114,,,,,P,P,Y,Y,Y,3,,O,Y,TX,40,,N,N,Car,Medsize,90-160,15k-25k,3,300
0,AIGW000000188,F,,,18-27,Extended,M,17-02-2011,17-02-2011,Employed,54507,Y,M,S,M,689,138,,,,,N,N,Y,Y,Y,1,,O,Y,CT,30,,Y,Y,Truck,Medsize,90-160,>25k,2,1000
0,AIGW000000189,M,,,18-27,Extended,Y,13-01-2011,13-01-2011,Employed,64586,Y,U,C,E,448,76,,,,,O,O,N,N,N,2,,O,N,IL,60,,Y,Y,Car,Medsize,>350,>25k,2,1000
1,AIGW000000190,F,,,>40,Extended,Y,08-02-2011,08-02-2011,Employed,61709,N,U,C,E,758,82,,,,,O,O,N,N,N,0,,R,N,NJ,20,,Y,Y,Car,Medsize,90-160,<15k,3,250
1,AIGW000000191,M,,,18-27,Basic,Y,29-01-2011,29-01-2011,Employed,94656,Y,M,S,M,656,111,,,,,P,P,Y,Y,Y,0,,R,Y,WV,15,,N,N,Car,Medsize,>350,>25k,4,250
1,AIGW000000192,M,,,35-40,Basic,M,05-02-2011,05-02-2011,Unemployed,0,Y,U,C,M,439,69,,,,,N,N,Y,Y,Y,2,,R,Y,ID,13,,N,N,Truck,Small,161-350,>25k,5,250
1,AIGW000000193,F,,,>40,Basic,Y,20-01-2011,20-01-2011,Employed,61085,Y,M,S,M,672,70,,,,,P,P,N,N,N,1,,R,N,CT,12,,Y,Y,Car,Medsize,90-160,<15k,1,250
1,AIGW000000194,M,,,18-27,Basic,M,27-01-2011,27-01-2011,Employed,89284,N,U,S,E,675,67,,,,,N,N,Y,Y,Y,2,,O,Y,TX,15,,Y,Y,Car,Small,>350,>25k,5,0
1,AIGW000000195,M,,,>40,Basic,O,09-01-2011,09-01-2011,Unemployed,0,Y,M,S,M,673,63,,,,,O,O,N,N,N,1,,O,N,CT,21,,N,N,Van,Small,<90,<15k,4,0
1,AIGW000000196,F,,,35-40,Extended,M,11-01-2011,11-01-2011,Employed,31686,Y,M,S,E,599,81,,,,,N,N,Y,Y,Y,3,,O,Y,CT,30,,Y,Y,Van,Small,>350,15k-25k,2,0
0,AIGW000000197,F,,,28-34,Premium,Y,17-02-2011,17-02-2011,Employed,56855,Y,U,S,M,765,255,,,,,N,N,N,N,N,0,,O,N,CT,5,,Y,Y,Car,Medsize,90-160,<15k,1,300
0,AIGW000000198,F,,,>40,Basic,Y,16-02-2011,16-02-2011,Employed,53703,N,M,S,C,737,67,,,,,N,N,N,N,N,0,,R,N,CT,10,,Y,Y,Truck,Medsize,90-160,<15k,3,1000
1,AIGW000000199,M,,,>40,Extended,Y,10-02-2011,10-02-2011,Unemployed,0,Y,M,S,C,716,96,,,,,P,P,Y,Y,Y,1,,O,Y,NJ,4,,N,N,Van,Medsize,90-160,<15k,2,1000
0,AIGW000000200,F,,,>40,Extended,M,19-02-2011,19-02-2011,Employed,20396,Y,M,S,C,783,76,,,,,P,P,Y,Y,Y,0,,R,Y,CT,5,,Y,Y,Car,Medsize,90-160,<15k,0,250
1,AIGW000000201,M,,,>40,Premium,M,21-01-2011,21-01-2011,Disabled,27679,Y,M,S,E,762,150,,,,,P,P,Y,Y,Y,1,,O,Y,AK,5,,Y,Y,Van,Medsize,<90,<15k,0,250
1,AIGW000000202,F,,,<18,Extended,O,27-02-2011,27-02-2011,Retired,23904,N,U,C,M,684,123,,,,,N,N,Y,Y,Y,0,,O,Y,CT,2,,Y,Y,Truck,Medsize,90-160,<15k,0,250
1,AIGW000000203,F,,,28-34,Basic,O,04-02-2011,04-02-2011,Employed,65351,Y,U,C,E,784,69,,,,,O,O,Y,Y,Y,1,,R,Y,VT,1,,N,N,Car,Medsize,90-160,<15k,0,250
1,AIGW000000204,M,,,35-40,Basic,M,18-01-2011,18-01-2011,Unemployed,0,Y,M,S,E,665,113,,,,,O,O,Y,Y,Y,4,,O,Y,CT,1,,Y,Y,Truck,Medsize,161-350,>25k,0,0
0,AIGW000000205,F,,,>40,Basic,O,03-02-2011,03-02-2011,Unemployed,0,N,M,C,M,710,63,,,,,P,P,Y,Y,Y,1,,O,Y,NJ,10,,Y,Y,Truck,Medsize,90-160,<15k,0,0
0,AIGW000000206,M,,,>40,Basic,M,02-01-2011,02-01-2011,Unemployed,0,N,M,S,E,741,116,,,,,N,N,Y,Y,Y,0,,O,Y,NJ,50,,Y,Y,Truck,Medsize,90-160,<15k,0,0
0,AIGW000000207,M,,,28-34,Basic,Y,09-01-2011,09-01-2011,Employed,64459,N,M,C,E,725,72,,,,,P,P,N,N,N,0,,R,N,NJ,100,,N,N,Utility,Medsize,90-160,<15k,0,300
0,AIGW000000208,M,,,>40,Premium,M,19-01-2011,19-01-2011,Employed,32961,N,M,S,M,778,190,,,,,N,N,N,N,N,0,,R,N,HI,120,,Y,Y,Van,Small,90-160,<15k,0,1000
0,AIGW000000209,M,,,>40,Basic,M,11-01-2011,11-01-2011,Employed,71416,Y,M,C,M,783,116,,,,,O,O,Y,Y,Y,4,,R,Y,RI,90,,Y,Y,Utility,Medsize,90-160,<15k,0,1000
0,AIGW000000210,F,,,>40,Extended,M,31-01-2011,31-01-2011,Employed,68964,Y,U,S,E,698,78,,,,,N,N,Y,Y,Y,0,,R,Y,WA,80,,N,N,Truck,Medsize,90-160,<15k,1,250
0,AIGW000000211,M,,,18-27,Extended,M,11-01-2011,11-01-2011,Employed,78108,Y,U,C,E,708,98,,,,,N,N,N,N,N,3,,O,N,CT,40,,N,N,Car,Small,>350,>25k,1,250
0,AIGW000000212,M,,,>40,Basic,Y,11-02-2011,11-02-2011,Retired,10621,N,M,C,E,732,67,,,,,N,N,Y,Y,Y,0,,O,Y,NJ,30,,N,N,Utility,Medsize,90-160,<15k,1,250
0,AIGW000000213,M,,,>40,Extended,Y,22-01-2011,22-01-2011,Employed,84910,N,U,S,M,779,95,,,,,P,P,N,N,N,0,,O,N,CO,60,,N,N,Utility,Small,90-160,<15k,1,250
0,AIGW000000214,F,,,28-34,Basic,Y,24-02-2011,24-02-2011,Employed,77493,Y,M,C,M,724,70,,,,,P,P,Y,Y,Y,0,,O,Y,CA,20,,Y,Y,Car,Medsize,90-160,>25k,1,0
0,AIGW000000215,M,,,>40,Basic,M,28-02-2011,28-02-2011,Employed,81097,Y,U,S,M,798,74,,,,,P,P,N,N,N,1,,R,N,MS,15,,Y,Y,Truck,Small,<90,<15k,1,0
0,AIGW000000216,F,,,35-40,Extended,Y,25-01-2011,25-01-2011,Employed,96610,N,M,C,E,672,85,,,,,N,N,N,N,N,2,,O,N,ND,13,,Y,Y,Van,Large,90-160,>25k,1,0
0,AIGW000000217,M,,,>40,Premium,M,26-02-2011,26-02-2011,Employed,30110,Y,M,S,M,726,159,,,,,O,O,Y,Y,Y,0,,R,Y,CT,12,,N,N,Truck,Small,90-160,<15k,1,300
0,AIGW000000218,M,,,>40,Extended,O,19-02-2011,19-02-2011,Disabled,22081,Y,U,S,E,783,84,,,,,O,O,Y,Y,Y,0,,O,Y,TX,15,,N,N,Van,Small,<90,<15k,1,1000
0,AIGW000000219,F,,,>40,Basic,M,02-01-2011,02-01-2011,Unemployed,0,Y,U,S,E,758,112,,,,,P,P,Y,Y,Y,3,,O,Y,MT,21,,Y,Y,Truck,Medsize,90-160,15k-25k,1,1000
0,AIGW000000220,F,,,>40,Basic,Y,02-01-2011,02-01-2011,Employed,98473,N,U,S,E,729,72,,,,,N,N,Y,Y,Y,1,,R,Y,NJ,30,,Y,Y,Car,Medsize,90-160,<15k,2,250
0,AIGW000000221,F,,,28-34,Basic,Y,26-01-2011,26-01-2011,Employed,97431,Y,U,S,M,741,74,,,,,P,P,Y,Y,Y,1,,R,Y,CT,15,,N,N,Car,Medsize,90-160,<15k,2,250
0,AIGW000000222,F,,,35-40,Basic,Y,02-02-2011,02-02-2011,Employed,93870,Y,M,S,M,591,69,,,,,N,N,Y,Y,Y,2,,R,Y,GA,21,,Y,Y,Truck,Medsize,>350,>25k,1,250
1,AIGW000000223,F,,,>40,Basic,M,27-02-2011,27-02-2011,Employed,50366,N,M,S,M,716,72,,,,,O,O,Y,Y,Y,0,,R,Y,NJ,30,,Y,Y,Car,Small,90-160,<15k,3,250
1,AIGW000000224,F,,,>40,Extended,M,20-01-2011,20-01-2011,Employed,34498,N,M,S,E,720,83,,,,,N,N,Y,Y,Y,1,,O,Y,NJ,5,,Y,Y,Car,Small,90-160,<15k,2,0
1,AIGW000000225,F,,,18-27,Basic,O,17-01-2011,17-01-2011,Disabled,16552,N,M,C,M,791,103,,,,,N,N,N,N,N,1,,O,N,NJ,10,,N,N,Car,Small,90-160,<15k,2,0
1,AIGW000000226,F,,,<18,Extended,O,17-01-2011,17-01-2011,Employed,26787,N,U,C,E,382,77,,,,,N,N,N,N,N,1,,O,N,NH,4,,Y,Y,Car,Medsize,161-350,>25k,3,0
1,AIGW000000227,F,,,35-40,Basic,M,24-02-2011,24-02-2011,Unemployed,0,Y,U,S,M,581,74,,,,,P,P,Y,Y,Y,0,,O,Y,CT,5,,Y,Y,Van,Medsize,161-350,>25k,4,300
1,AIGW000000228,F,,,28-34,Basic,O,14-02-2011,14-02-2011,Employed,43860,Y,M,C,C,671,65,,,,,P,P,Y,Y,Y,1,,R,Y,TX,5,,N,N,Car,Medsize,90-160,>25k,5,1000
1,AIGW000000229,F,,,35-40,Basic,M,20-02-2011,20-02-2011,Employed,21474,Y,M,S,C,721,114,,,,,P,P,N,N,N,3,,O,N,NJ,2,,N,N,Truck,Small,>350,>25k,1,1000
0,AIGW000000230,M,,,18-27,Basic,Y,19-02-2011,19-02-2011,Disabled,18174,N,M,C,C,711,66,,,,,N,N,Y,Y,Y,0,,R,Y,NJ,1,,N,N,Truck,Small,90-160,>25k,5,250
0,AIGW000000231,M,,,18-27,Basic,M,08-02-2011,08-02-2011,Unemployed,0,N,M,S,E,766,73,,,,,O,O,N,N,N,0,,O,N,NM,1,,N,N,Van,Medsize,90-160,<15k,4,250
1,AIGW000000232,M,,,>40,Basic,M,06-02-2011,06-02-2011,Employed,60920,Y,M,C,M,726,64,,,,,O,O,Y,Y,Y,0,,O,Y,AL,10,,Y,Y,Utility,Medsize,90-160,<15k,2,250
0,AIGW000000233,M,,,18-27,Extended,M,27-02-2011,27-02-2011,Employed,41520,Y,M,S,E,586,90,,,,,P,P,N,N,N,0,,R,N,CT,50,,Y,Y,Utility,Medsize,161-350,>25k,1,250
1,AIGW000000234,F,,,>40,Premium,M,01-02-2011,01-02-2011,Unemployed,0,N,U,C,E,687,152,,,,,N,N,N,N,N,0,,O,N,NJ,100,,Y,Y,Car,Small,90-160,<15k,3,0
1,AIGW000000235,M,,,>40,Basic,Y,23-02-2011,23-02-2011,Unemployed,0,Y,U,S,M,796,68,,,,,P,P,Y,Y,Y,1,,O,Y,WA,120,,N,N,Van,Medsize,<90,<15k,2,0
1,AIGW000000236,M,,,>40,Basic,Y,11-01-2011,11-01-2011,Employed,72208,Y,M,S,E,691,73,,,,,N,N,Y,Y,Y,0,,O,Y,NJ,90,,N,N,Van,Small,90-160,<15k,0,0
1,AIGW000000237,F,,,35-40,Basic,Y,10-02-2011,10-02-2011,Employed,53863,Y,U,S,E,606,63,,,,,O,O,Y,Y,Y,1,,R,Y,HI,80,,Y,Y,Van,Large,161-350,>25k,0,300
0,AIGW000000238,M,,,>40,Extended,M,25-02-2011,25-02-2011,Employed,66446,N,M,S,M,792,136,,,,,N,N,Y,Y,Y,0,,R,Y,CT,40,,Y,Y,Van,Large,<90,<15k,0,1000
0,AIGW000000239,F,,,>40,Basic,Y,16-02-2011,16-02-2011,Unemployed,0,Y,U,S,M,746,61,,,,,N,N,Y,Y,Y,0,,R,Y,NJ,30,,N,N,Car,Small,90-160,15k-25k,0,1000
0,AIGW000000240,F,,,>40,Basic,M,30-01-2011,30-01-2011,Employed,64997,Y,M,S,M,680,63,,,,,N,N,Y,Y,Y,2,,R,Y,AZ,60,,Y,Y,Car,Small,90-160,<15k,0,250
0,AIGW000000241,M,,,18-27,Basic,O,11-02-2011,11-02-2011,Employed,64460,N,M,S,E,717,66,,,,,P,P,Y,Y,Y,2,,O,Y,NJ,20,,Y,Y,Car,Small,>350,>25k,0,250
0,AIGW000000242,F,,,>40,Basic,M,14-01-2011,14-01-2011,Employed,46618,N,U,S,M,697,67,,,,,P,P,Y,Y,Y,0,,O,Y,WY,15,,Y,Y,Car,Large,90-160,<15k,0,250
0,AIGW000000243,M,,,18-27,Basic,Y,14-02-2011,14-02-2011,Unemployed,0,N,U,C,E,643,64,,,,,P,P,N,N,N,3,,O,N,NV,13,,N,N,Car,Small,>350,15k-25k,0,250
0,AIGW000000244,F,,,>40,Extended,Y,03-02-2011,03-02-2011,Employed,49988,N,U,C,M,679,84,,,,,N,N,N,N,N,0,,O,N,NJ,12,,Y,Y,Car,Large,90-160,15k-25k,0,0
0,AIGW000000245,M,,,35-40,Extended,Y,31-01-2011,31-01-2011,Unemployed,0,Y,M,S,C,648,91,,,,,O,O,Y,Y,Y,3,,R,Y,TX,15,,Y,Y,Truck,Medsize,90-160,<15k,0,0
0,AIGW000000246,M,,,>40,Extended,M,15-02-2011,15-02-2011,Disabled,16269,Y,M,C,C,758,86,,,,,O,O,Y,Y,Y,0,,O,Y,NJ,21,,N,N,Van,Medsize,<90,<15k,0,0
0,AIGW000000247,F,,,>40,Basic,M,27-02-2011,27-02-2011,Employed,72006,Y,M,S,C,670,64,,,,,P,P,N,N,N,1,,R,N,CT,30,,N,N,Car,Medsize,90-160,<15k,0,300
0,AIGW000000248,M,,,>40,Extended,O,21-01-2011,21-01-2011,Unemployed,0,N,M,C,E,690,81,,,,,N,N,Y,Y,Y,0,,O,Y,RI,5,,N,N,Truck,Small,90-160,<15k,0,1000
0,AIGW000000249,M,,,>40,Extended,O,14-01-2011,14-01-2011,Unemployed,0,N,U,S,M,700,245,,,,,P,P,N,N,N,1,,R,N,CT,10,,N,N,Truck,Medsize,>350,<15k,0,1000
0,AIGW000000250,F,,,>40,Basic,M,25-01-2011,25-01-2011,Employed,44320,Y,U,C,E,790,67,,,,,N,N,Y,Y,Y,0,,R,Y,CT,4,,Y,Y,Truck,Medsize,90-160,15k-25k,0,250
0,AIGW000000251,F,,,>40,Premium,O,02-02-2011,02-02-2011,Retired,19782,Y,M,S,E,699,108,,,,,O,O,N,N,N,0,,R,N,NJ,5,,Y,Y,Car,Medsize,>350,15k-25k,0,250
0,AIGW000000252,F,,,>40,Basic,M,09-02-2011,09-02-2011,Employed,63933,N,M,C,M,705,70,,,,,N,N,N,N,N,1,,R,N,AZ,5,,Y,Y,Truck,Medsize,<90,<15k,0,250
0,AIGW000000253,F,,,35-40,Basic,Y,28-02-2011,28-02-2011,Employed,28224,Y,M,S,E,581,109,,,,,N,N,Y,Y,Y,0,,O,Y,VT,2,,N,N,Van,Medsize,161-350,>25k,0,250
0,AIGW000000254,F,,,>40,Basic,M,27-01-2011,27-01-2011,Retired,21073,Y,M,S,E,769,106,,,,,N,N,Y,Y,Y,3,,O,Y,NJ,1,,N,N,Truck,Small,90-160,<15k,0,0
0,AIGW000000255,F,,,35-40,Extended,M,24-02-2011,24-02-2011,Employed,63243,Y,M,S,M,413,77,,,,,P,P,Y,Y,Y,2,,O,Y,CT,1,,Y,Y,Truck,Large,161-350,>25k,0,0
1,AIGW000000256,F,,,>40,Extended,M,31-01-2011,31-01-2011,Retired,20993,N,M,S,M,697,133,,,,,P,P,Y,Y,Y,1,,O,Y,NJ,10,,Y,Y,Car,Medsize,90-160,<15k,2,0
1,AIGW000000257,M,,,>40,Extended,M,19-02-2011,19-02-2011,Employed,94827,Y,U,S,M,706,135,,,,,P,P,Y,Y,Y,1,,R,Y,CT,50,,N,N,Van,Medsize,90-160,<15k,2,300
1,AIGW000000258,F,,,35-40,Basic,Y,20-01-2011,20-01-2011,Employed,39161,Y,U,S,E,825,63,,,,,N,N,Y,Y,Y,3,,O,Y,CT,100,,Y,Y,Truck,Small,>350,15k-25k,1,1000
1,AIGW000000259,F,,,35-40,Extended,Y,03-02-2011,03-02-2011,Employed,37534,N,M,S,M,653,84,,,,,O,O,Y,Y,Y,0,,R,Y,GA,120,,Y,Y,Van,Medsize,161-350,>25k,3,1000
1,AIGW000000260,M,,,18-27,Basic,Y,25-01-2011,25-01-2011,Employed,80210,N,U,S,E,736,65,,,,,O,O,Y,Y,Y,2,,O,Y,CT,90,,Y,Y,Car,Medsize,161-350,>25k,0,250
1,AIGW000000261,F,,,>40,Basic,M,24-02-2011,24-02-2011,Unemployed,0,N,M,C,M,682,62,,,,,P,P,N,N,N,1,,O,N,KY,80,,N,N,Car,Small,90-160,<15k,0,250
1,AIGW000000262,F,,,18-27,Basic,Y,18-01-2011,18-01-2011,Employed,30110,N,U,C,C,695,64,,,,,N,N,N,N,N,0,,R,N,ME,40,,Y,Y,Truck,Medsize,161-350,>25k,0,250
0,AIGW000000263,F,,,>40,Basic,M,26-01-2011,26-01-2011,Medical Leave,21708,Y,M,S,C,676,68,,,,,P,P,Y,Y,Y,1,,O,Y,SC,30,,Y,Y,Car,Medsize,<90,>25k,0,250
1,AIGW000000264,F,,,>40,Basic,O,17-02-2011,17-02-2011,Employed,94731,Y,M,C,C,707,67,,,,,N,N,Y,Y,Y,1,,O,Y,GA,60,,N,N,Car,Medsize,<90,<15k,0,0
0,AIGW000000265,F,,,>40,Extended,M,21-02-2011,21-02-2011,Employed,32375,Y,U,S,E,740,83,,,,,O,O,N,N,N,0,,O,N,CT,20,,N,N,Car,Small,90-160,<15k,0,0
1,AIGW000000266,M,,,>40,Basic,Y,06-01-2011,06-01-2011,Medical Leave,16531,N,M,C,M,687,63,,,,,N,N,Y,Y,Y,0,,R,Y,VT,15,,N,N,Van,Medsize,<90,<15k,0,0
1,AIGW000000267,M,,,28-34,Extended,Y,06-02-2011,06-02-2011,Employed,32006,N,M,S,E,742,94,,,,,N,N,N,N,N,0,,R,N,CO,13,,N,N,Truck,Medsize,90-160,<15k,0,300
1,AIGW000000268,M,,,>40,Basic,Y,10-01-2011,10-01-2011,Employed,81676,Y,U,C,E,758,72,,,,,N,N,Y,Y,Y,0,,R,Y,SD,12,,Y,Y,Utility,Small,<90,<15k,0,1000
1,AIGW000000269,M,,,35-40,Extended,M,18-01-2011,18-01-2011,Employed,71038,Y,U,S,M,418,86,,,,,P,P,N,N,N,3,,R,N,NM,15,,Y,Y,Truck,Medsize,90-160,>25k,0,1000
0,AIGW000000270,M,,,35-40,Basic,M,17-01-2011,17-01-2011,Unemployed,0,N,U,C,E,744,103,,,,,P,P,N,N,N,1,,O,N,NJ,15,,Y,Y,Utility,Medsize,90-160,<15k,3,250
0,AIGW000000271,M,,,18-27,Basic,O,06-02-2011,06-02-2011,Medical Leave,20832,Y,U,S,E,547,65,,,,,P,P,Y,Y,Y,2,,O,Y,MO,21,,N,N,Car,Medsize,161-350,15k-25k,2,250
0,AIGW000000272,F,,,<18,Basic,O,05-01-2011,05-01-2011,Unemployed,0,Y,M,S,M,730,113,,,,,N,N,Y,Y,Y,1,,O,Y,NJ,30,,N,N,Car,Medsize,161-350,>25k,0,250
0,AIGW000000273,M,,,18-27,Premium,M,27-02-2011,27-02-2011,Employed,52405,Y,M,S,M,681,103,,,,,O,O,Y,Y,Y,2,,O,Y,NJ,5,,Y,Y,Car,Medsize,161-350,>25k,0,250
0,AIGW000000274,F,,,18-27,Extended,O,14-01-2011,14-01-2011,Unemployed,0,N,M,S,M,682,133,,,,,O,O,Y,Y,Y,1,,R,Y,SC,10,,Y,Y,Truck,Small,90-160,<15k,0,0
0,AIGW000000275,F,,,>40,Extended,M,19-02-2011,19-02-2011,Employed,26583,Y,M,S,E,763,128,,,,,P,P,Y,Y,Y,0,,O,Y,SC,4,,N,N,Car,Medsize,90-160,<15k,0,0
0,AIGW000000276,F,,,28-34,Basic,Y,21-01-2011,21-01-2011,Disabled,25486,Y,U,S,M,693,65,,,,,N,N,Y,Y,Y,1,,R,Y,CT,5,,Y,Y,Truck,Medsize,90-160,<15k,0,0
0,AIGW000000277,M,,,35-40,Premium,M,26-01-2011,26-01-2011,Employed,24065,N,U,S,E,850,111,,,,,P,P,Y,Y,Y,3,,O,Y,CT,5,,Y,Y,Truck,Medsize,90-160,15k-25k,0,300
0,AIGW000000278,F,,,>40,Premium,M,24-02-2011,24-02-2011,Employed,70435,N,M,S,M,725,116,,,,,N,N,Y,Y,Y,0,,R,Y,AZ,2,,Y,Y,Car,Medsize,90-160,<15k,0,1000
0,AIGW000000279,F,,,>40,Extended,M,05-02-2011,05-02-2011,Unemployed,0,N,M,C,C,710,76,,,,,O,O,N,N,N,0,,O,N,WV,1,,N,N,Truck,Medsize,>350,15k-25k,0,1000
0,AIGW000000280,F,,,>40,Extended,M,29-01-2011,29-01-2011,Employed,39679,N,M,S,C,686,92,,,,,N,N,N,N,N,1,,O,N,WI,1,,Y,Y,Car,Medsize,90-160,<15k,0,250
0,AIGW000000281,F,,,>40,Extended,Y,28-02-2011,28-02-2011,Unemployed,0,Y,M,S,C,697,89,,,,,N,N,Y,Y,Y,2,,O,Y,WV,10,,Y,Y,Car,Medsize,90-160,<15k,0,250
0,AIGW000000282,M,,,>40,Basic,Y,12-02-2011,12-02-2011,Unemployed,0,Y,M,S,E,678,69,,,,,N,N,Y,Y,Y,1,,R,Y,CT,50,,N,N,Van,Medsize,90-160,<15k,1,250
0,AIGW000000283,F,,,>40,Basic,Y,02-02-2011,02-02-2011,Employed,53565,Y,M,S,M,707,71,,,,,P,P,N,N,N,1,,R,N,NJ,100,,N,N,Car,Small,90-160,<15k,1,250
0,AIGW000000284,M,,,35-40,Basic,M,07-02-2011,07-02-2011,Employed,37574,N,U,S,E,678,66,,,,,P,P,Y,Y,Y,0,,R,Y,WI,120,,N,N,Truck,Medsize,90-160,<15k,1,0
0,AIGW000000285,M,,,>40,Premium,Y,28-02-2011,28-02-2011,Employed,48259,N,U,S,E,769,108,,,,,N,N,N,N,N,1,,R,N,CT,90,,N,N,Truck,Medsize,90-160,<15k,1,0
0,AIGW000000286,M,,,18-27,Extended,M,22-01-2011,22-01-2011,Employed,78532,Y,M,S,M,752,78,,,,,N,N,Y,Y,Y,1,,O,Y,CT,80,,Y,Y,Utility,Medsize,90-160,<15k,1,0
0,AIGW000000287,M,,,35-40,Basic,O,25-01-2011,25-01-2011,Employed,96163,Y,U,S,E,690,73,,,,,P,P,N,N,N,0,,O,N,NJ,40,,Y,Y,Utility,Medsize,90-160,<15k,1,300
1,AIGW000000288,F,,,35-40,Basic,M,18-01-2011,18-01-2011,Unemployed,0,N,M,C,E,701,72,,,,,P,P,N,N,N,0,,O,N,VA,30,,Y,Y,Car,Medsize,90-160,<15k,1,1000
1,AIGW000000289,M,,,>40,Basic,Y,13-02-2011,13-02-2011,Unemployed,0,Y,U,C,M,706,114,,,,,P,P,Y,Y,Y,1,,O,Y,CT,60,,N,N,Utility,Medsize,90-160,<15k,1,1000
1,AIGW000000290,F,,,28-34,Basic,Y,15-01-2011,15-01-2011,Employed,72672,Y,M,S,M,682,63,,,,,N,N,Y,Y,Y,2,,R,Y,CT,20,,N,N,Car,Large,90-160,<15k,1,250
1,AIGW000000291,F,,,>40,Premium,Y,08-01-2011,08-01-2011,Employed,99002,Y,M,C,M,670,112,,,,,O,O,Y,Y,Y,1,,O,Y,NJ,15,,Y,Y,Truck,Medsize,90-160,<15k,1,250
1,AIGW000000292,M,,,>40,Extended,M,06-02-2011,06-02-2011,Employed,79494,N,M,S,E,675,91,,,,,O,O,Y,Y,Y,1,,R,Y,TX,13,,Y,Y,Van,Large,90-160,<15k,2,250
1,AIGW000000293,M,,,28-34,Extended,M,25-01-2011,25-01-2011,Employed,35704,Y,U,C,M,738,225,,,,,P,P,Y,Y,Y,1,,O,Y,WI,12,,N,N,Van,Medsize,90-160,<15k,2,250
1,AIGW000000294,F,,,18-27,Basic,O,07-02-2011,07-02-2011,Unemployed,0,Y,U,S,E,714,71,,,,,N,N,Y,Y,Y,1,,O,Y,KS,15,,Y,Y,Car,Small,161-350,>25k,1,0
0,AIGW000000295,M,,,28-34,Basic,O,18-01-2011,18-01-2011,Disabled,26049,Y,M,C,M,757,118,,,,,P,P,Y,Y,Y,4,,R,Y,NJ,21,,Y,Y,Utility,Large,90-160,<15k,3,0
0,AIGW000000296,M,,,35-40,Extended,M,11-01-2011,11-01-2011,Employed,70125,N,M,S,C,717,64,,,,,N,N,Y,Y,Y,2,,O,Y,HI,30,,Y,Y,Truck,Medsize,90-160,>25k,2,0
1,AIGW000000297,M,,,18-27,Premium,O,28-01-2011,28-01-2011,Employed,52369,Y,M,C,C,616,110,,,,,O,O,N,N,N,1,,O,N,CT,5,,N,N,Car,Medsize,161-350,>25k,2,300
0,AIGW000000298,M,,,18-27,Basic,M,08-02-2011,08-02-2011,Unemployed,0,Y,M,C,C,700,66,,,,,N,N,N,N,N,1,,O,N,CT,10,,Y,Y,Utility,Medsize,90-160,<15k,3,1000
1,AIGW000000299,M,,,18-27,Basic,Y,23-02-2011,23-02-2011,Employed,41770,Y,M,S,E,640,72,,,,,N,N,Y,Y,Y,1,,R,Y,MA,21,,Y,Y,Car,Small,161-350,>25k,4,1000
1,AIGW000000300,M,,,18-27,Basic,M,25-01-2011,25-01-2011,Employed,0,N,M,C,M,678,101,,,,,N,N,Y,Y,Y,3,,R,Y,CT,30,,Y,Y,Utility,Medsize,161-350,>25k,5,250
1,AIGW000000301,F,,,>40,Basic,M,31-01-2011,31-01-2011,Unemployed,31911,Y,U,S,E,798,67,,,,,P,P,N,N,N,0,,R,N,TX,5,,N,N,Car,Medsize,90-160,<15k,1,250
1,AIGW000000302,F,,,>40,Premium,M,02-01-2011,02-01-2011,Employed,70051,Y,U,S,E,683,68,,,,,P,P,Y,Y,Y,0,,R,Y,NJ,10,,Y,Y,Car,Medsize,90-160,<15k,5,250
0,AIGW000000303,F,,,>40,Basic,M,07-02-2011,07-02-2011,Unemployed,19683,N,M,S,M,772,117,,,,,P,P,N,N,N,0,,O,N,NJ,4,,Y,Y,Car,Medsize,90-160,<15k,4,250
0,AIGW000000304,M,,,28-34,Extended,Y,18-01-2011,18-01-2011,Employed,30916,N,U,S,E,777,112,,,,,N,N,Y,Y,Y,0,,O,Y,MT,5,,Y,Y,Van,Small,90-160,<15k,2,0
0,AIGW000000305,F,,,18-27,Basic,Y,17-01-2011,17-01-2011,Employed,0,N,M,S,E,759,80,,,,,O,O,N,N,N,1,,O,N,CO,5,,N,N,Truck,Medsize,90-160,<15k,1,0
0,AIGW000000306,M,,,35-40,Basic,Y,11-01-2011,11-01-2011,Employed,0,N,U,S,M,728,118,,,,,O,O,N,N,N,4,,O,N,CT,2,,Y,Y,Utility,Medsize,90-160,<15k,3,0
0,AIGW000000307,F,,,28-34,Premium,M,21-02-2011,21-02-2011,Unemployed,0,Y,M,S,M,756,116,,,,,P,P,Y,Y,Y,0,,R,Y,AR,1,,Y,Y,Truck,Medsize,90-160,<15k,2,300
0,AIGW000000308,M,,,>40,Basic,Y,16-02-2011,16-02-2011,Medical Leave,60145,Y,M,S,E,797,132,,,,,N,N,Y,Y,Y,1,,O,Y,MI,1,,N,N,Van,Medsize,90-160,<15k,0,1000
0,AIGW000000309,M,,,18-27,Basic,M,17-01-2011,17-01-2011,Employed,63774,Y,U,S,E,691,111,,,,,P,P,Y,Y,Y,2,,R,Y,WA,10,,N,N,Car,Medsize,90-160,>25k,0,1000
0,AIGW000000310,F,,,18-27,Basic,O,05-02-2011,05-02-2011,Unemployed,25134,N,U,C,E,711,67,,,,,N,N,Y,Y,Y,1,,O,Y,SD,50,,N,N,Car,Small,161-350,>25k,0,250
0,AIGW000000311,M,,,18-27,Basic,M,13-02-2011,13-02-2011,Unemployed,37057,N,U,C,M,787,61,,,,,O,O,Y,Y,Y,0,,O,Y,WV,100,,N,N,Van,Small,90-160,<15k,0,250
0,AIGW000000312,M,,,<18,Basic,Y,23-02-2011,23-02-2011,Employed,58577,Y,U,S,M,758,110,,,,,N,N,Y,Y,Y,1,,R,Y,WA,120,,Y,Y,Truck,Medsize,>350,<15k,0,250
0,AIGW000000313,M,,,18-27,Basic,Y,28-01-2011,28-01-2011,Employed,85857,Y,M,C,M,460,73,,,,,N,N,Y,Y,Y,3,,R,Y,CO,90,,Y,Y,Car,Medsize,>350,>25k,0,250
0,AIGW000000314,F,,,35-40,Premium,Y,28-02-2011,28-02-2011,Employed,70602,N,M,S,E,686,116,,,,,N,N,Y,Y,Y,2,,R,Y,NJ,80,,Y,Y,Truck,Small,>350,>25k,0,0
0,AIGW000000315,F,,,>40,Basic,M,02-01-2011,02-01-2011,Employed,33816,Y,M,C,M,712,106,,,,,P,P,N,N,N,0,,R,N,IN,40,,N,N,Car,Medsize,<90,<15k,0,0
0,AIGW000000316,M,,,>40,Extended,M,22-01-2011,22-01-2011,Medical Leave,0,Y,U,S,E,850,153,,,,,P,P,N,N,N,4,,O,N,OK,30,,N,N,Utility,Medsize,90-160,<15k,0,0
0,AIGW000000317,F,,,35-40,Basic,O,15-01-2011,15-01-2011,Medical Leave,89642,Y,U,C,E,648,121,,,,,P,P,Y,Y,Y,3,,O,Y,NJ,60,,Y,Y,Van,Medsize,90-160,<15k,0,300
0,AIGW000000318,M,,,18-27,Basic,O,27-01-2011,27-01-2011,Employed,60068,N,M,S,E,701,98,,,,,N,N,Y,Y,Y,1,,O,Y,CT,20,,Y,Y,Utility,Small,<90,<15k,1,1000
0,AIGW000000319,F,,,35-40,Basic,M,23-01-2011,23-01-2011,Employed,50044,Y,M,C,M,724,139,,,,,O,O,N,N,N,3,,O,N,CT,15,,N,N,Van,Medsize,90-160,>25k,1,1000
0,AIGW000000320,M,,,>40,Basic,O,31-01-2011,31-01-2011,Employed,36650,Y,M,C,M,782,69,,,,,O,O,Y,Y,Y,0,,R,Y,VT,13,,Y,Y,Van,Large,<90,<15k,1,250
1,AIGW000000321,M,,,28-34,Premium,M,26-01-2011,26-01-2011,Disabled,50653,N,M,S,M,675,110,,,,,P,P,N,N,N,1,,O,N,NJ,12,,Y,Y,Van,Small,90-160,<15k,1,250
1,AIGW000000322,F,,,>40,Extended,Y,10-01-2011,10-01-2011,Medical Leave,68931,N,M,C,E,723,66,,,,,N,N,Y,Y,Y,0,,R,Y,MT,15,,Y,Y,Car,Medsize,90-160,<15k,1,250
1,AIGW000000323,F,,,35-40,Premium,M,27-01-2011,27-01-2011,Unemployed,0,N,M,S,M,708,73,,,,,P,P,N,N,N,3,,O,N,TX,21,,N,N,Truck,Medsize,>350,>25k,1,250
1,AIGW000000324,F,,,28-34,Extended,M,09-01-2011,09-01-2011,Disabled,0,N,U,C,E,753,73,,,,,N,N,N,N,N,1,,O,N,NJ,30,,Y,Y,Car,Medsize,90-160,<15k,1,0
1,AIGW000000325,F,,,35-40,Basic,M,24-02-2011,24-02-2011,Employed,39266,Y,U,S,M,797,80,,,,,O,O,Y,Y,Y,3,,R,Y,CT,5,,Y,Y,Truck,Medsize,90-160,15k-25k,1,0
1,AIGW000000326,M,,,18-27,Extended,M,11-02-2011,11-02-2011,Unemployed,0,Y,M,S,C,610,102,,,,,N,N,Y,Y,Y,0,,O,Y,CT,10,,N,N,Car,Medsize,>350,>25k,1,0
1,AIGW000000327,M,,,>40,Basic,Y,12-02-2011,12-02-2011,Disabled,0,Y,U,S,C,680,98,,,,,N,N,Y,Y,Y,1,,O,Y,WV,4,,N,N,Van,Small,90-160,<15k,1,300
0,AIGW000000328,M,,,>40,Basic,Y,04-02-2011,04-02-2011,Employed,40864,N,M,S,C,790,65,,,,,N,N,Y,Y,Y,0,,O,Y,CT,5,,N,N,Utility,Medsize,90-160,<15k,2,1000
0,AIGW000000329,F,,,>40,Basic,Y,18-01-2011,18-01-2011,Employed,39035,N,U,S,E,681,68,,,,,P,P,Y,Y,Y,0,,R,Y,NJ,5,,N,N,Car,Medsize,>350,<15k,2,1000
1,AIGW000000330,F,,,35-40,Basic,M,11-02-2011,11-02-2011,Employed,34923,Y,M,S,M,674,98,,,,,P,P,Y,Y,Y,1,,R,Y,ID,2,,Y,Y,Car,Medsize,90-160,<15k,1,250
0,AIGW000000331,M,,,>40,Premium,Y,01-02-2011,01-02-2011,Employed,0,Y,M,S,E,721,63,,,,,P,P,Y,Y,Y,0,,R,Y,CT,1,,Y,Y,Truck,Medsize,90-160,<15k,3,250
1,AIGW000000332,M,,,18-27,Extended,M,15-02-2011,15-02-2011,Unemployed,0,N,U,S,E,777,111,,,,,N,N,Y,Y,Y,1,,R,Y,NH,1,,Y,Y,Utility,Medsize,90-160,<15k,2,250
1,AIGW000000333,F,,,>40,Extended,O,06-02-2011,06-02-2011,Employed,24506,Y,U,C,M,782,71,,,,,O,O,N,N,N,0,,O,N,CT,10,,N,N,Car,Medsize,90-160,15k-25k,2,250
1,AIGW000000334,M,,,18-27,Basic,M,27-02-2011,27-02-2011,Employed,0,Y,U,C,E,727,82,,,,,O,O,N,N,N,2,,O,N,IA,50,,N,N,Car,Medsize,>350,>25k,3,0
1,AIGW000000335,M,,,28-34,Basic,Y,26-01-2011,26-01-2011,Employed,52220,Y,U,S,E,716,70,,,,,P,P,Y,Y,Y,0,,O,Y,CT,100,,Y,Y,Utility,Small,90-160,<15k,4,0
0,AIGW000000336,M,,,28-34,Basic,Y,26-02-2011,26-02-2011,Employed,0,N,M,C,M,677,74,,,,,N,N,Y,Y,Y,0,,O,Y,OK,120,,Y,Y,Van,Medsize,90-160,>25k,5,0
0,AIGW000000337,F,,,18-27,Extended,Y,27-01-2011,27-01-2011,Employed,53554,Y,M,S,M,690,67,,,,,P,P,N,N,N,0,,R,N,WI,90,,N,N,Car,Large,90-160,<15k,1,300
0,AIGW000000338,F,,,18-27,Basic,M,16-01-2011,16-01-2011,Unemployed,34476,Y,M,C,M,583,67,,,,,N,N,Y,Y,Y,3,,O,Y,CT,80,,Y,Y,Truck,Medsize,>350,>25k,5,1000
0,AIGW000000339,M,,,18-27,Basic,M,27-01-2011,27-01-2011,Employed,0,N,M,S,E,545,70,,,,,O,O,N,N,N,3,,R,N,CT,40,,Y,Y,Car,Medsize,161-350,>25k,4,1000
0,AIGW000000340,F,,,35-40,Premium,O,28-02-2011,28-02-2011,Unemployed,68205,N,M,C,M,461,76,,,,,N,N,Y,Y,Y,3,,O,Y,OK,30,,Y,Y,Truck,Medsize,>350,>25k,2,250
0,AIGW000000341,M,,,18-27,Basic,O,25-01-2011,25-01-2011,Employed,0,N,M,S,E,369,119,,,,,N,N,N,N,N,2,,R,N,NJ,60,,N,N,Car,Medsize,>350,>25k,1,250
0,AIGW000000342,M,,,>40,Basic,M,01-01-2011,01-01-2011,Employed,53690,N,M,C,M,726,154,,,,,N,N,N,N,N,1,,R,N,WV,20,,Y,Y,Van,Small,90-160,<15k,3,250
0,AIGW000000343,M,,,18-27,Extended,O,01-02-2011,01-02-2011,Employed,0,Y,U,S,C,788,72,,,,,P,P,Y,Y,Y,0,,R,Y,CT,15,,Y,Y,Van,Medsize,90-160,<15k,2,250
0,AIGW000000344,F,,,>40,Basic,M,19-02-2011,19-02-2011,Employed,0,Y,U,S,C,735,61,,,,,P,P,Y,Y,Y,1,,R,Y,SD,13,,N,N,Car,Medsize,90-160,<15k,0,0
0,AIGW000000345,F,,,35-40,Basic,Y,27-01-2011,27-01-2011,Disabled,74454,Y,M,S,C,584,71,,,,,P,P,Y,Y,Y,1,,O,Y,CT,12,,N,N,Utility,Medsize,161-350,>25k,0,0
0,AIGW000000346,F,,,18-27,Basic,M,27-02-2011,27-02-2011,Unemployed,0,N,M,S,E,683,73,,,,,N,N,Y,Y,Y,1,,O,Y,NJ,15,,N,N,Car,Large,90-160,>25k,0,0
0,AIGW000000347,M,,,28-34,Basic,M,17-01-2011,17-01-2011,Employed,29664,N,M,S,M,716,71,,,,,O,O,Y,Y,Y,0,,O,Y,CT,21,,N,N,Van,Medsize,<90,<15k,0,300
0,AIGW000000348,F,,,>40,Basic,M,10-02-2011,10-02-2011,Unemployed,15680,Y,M,S,E,779,64,,,,,O,O,Y,Y,Y,0,,O,Y,CT,30,,Y,Y,Truck,Medsize,90-160,<15k,0,1000
0,AIGW000000349,F,,,>40,Premium,M,24-01-2011,24-01-2011,Unemployed,47272,Y,M,S,E,741,79,,,,,P,P,Y,Y,Y,0,,R,Y,CT,15,,Y,Y,Car,Medsize,90-160,<15k,0,1000
0,AIGW000000350,F,,,35-40,Extended,Y,24-02-2011,24-02-2011,Employed,21585,N,M,S,M,339,92,,,,,N,N,Y,Y,Y,2,,O,Y,MD,21,,Y,Y,Truck,Medsize,161-350,>25k,0,250
0,AIGW000000351,F,,,18-27,Basic,Y,15-02-2011,15-02-2011,Employed,23827,Y,U,C,E,692,106,,,,,P,P,N,N,N,1,,R,N,NJ,30,,N,N,Truck,Medsize,90-160,>25k,0,250
0,AIGW000000352,M,,,>40,Basic,Y,16-02-2011,16-02-2011,Employed,69906,Y,U,C,E,727,74,,,,,N,N,N,N,N,0,,O,N,WV,5,,N,N,Utility,Medsize,90-160,<15k,0,250
0,AIGW000000353,M,,,>40,Extended,M,22-01-2011,22-01-2011,Employed,0,Y,M,S,M,671,72,,,,,O,O,Y,Y,Y,1,,O,Y,CT,10,,Y,Y,Van,Small,90-160,<15k,0,250
1,AIGW000000354,M,,,28-34,Premium,Y,25-02-2011,25-02-2011,Disabled,89879,N,U,C,M,743,63,,,,,N,N,Y,Y,Y,1,,R,Y,CT,4,,Y,Y,Van,Medsize,90-160,<15k,0,0
1,AIGW000000355,F,,,28-34,Basic,M,11-01-2011,11-01-2011,Employed,0,Y,M,S,M,686,69,,,,,N,N,N,N,N,1,,O,N,CT,5,,N,N,Car,Large,90-160,15k-25k,0,0
1,AIGW000000356,F,,,35-40,Premium,O,31-01-2011,31-01-2011,Employed,46131,Y,U,C,E,786,74,,,,,N,N,Y,Y,Y,1,,O,Y,NJ,5,,Y,Y,Truck,Small,<90,<15k,0,0
1,AIGW000000357,F,,,18-27,Extended,M,12-01-2011,12-01-2011,Unemployed,54514,N,M,S,M,674,109,,,,,P,P,N,N,N,1,,O,N,IL,2,,Y,Y,Car,Medsize,161-350,>25k,0,300
1,AIGW000000358,F,,,>40,Basic,Y,16-02-2011,16-02-2011,Disabled,0,N,M,C,E,735,161,,,,,P,P,Y,Y,Y,0,,R,Y,CT,1,,Y,Y,Car,Medsize,>350,15k-25k,0,1000
1,AIGW000000359,M,,,18-27,Basic,Y,09-02-2011,09-02-2011,Disabled,96668,N,U,S,M,551,66,,,,,P,P,N,N,N,3,,R,N,CT,1,,N,N,Car,Medsize,161-350,>25k,0,1000
1,AIGW000000360,F,,,28-34,Basic,Y,19-01-2011,19-01-2011,Retired,78879,N,U,C,C,701,69,,,,,N,N,N,N,N,0,,R,N,LA,10,,Y,Y,Car,Small,90-160,>25k,0,250
0,AIGW000000361,M,,,18-27,Basic,M,04-01-2011,04-01-2011,Medical Leave,0,Y,U,S,C,509,69,,,,,O,O,Y,Y,Y,2,,R,Y,CT,50,,Y,Y,Car,Medsize,161-350,>25k,0,250
1,AIGW000000362,M,,,>40,Extended,M,09-01-2011,09-01-2011,Unemployed,0,Y,U,S,C,500,76,,,,,O,O,Y,Y,Y,3,,O,Y,NJ,100,,N,N,Truck,Small,90-160,>25k,0,250
0,AIGW000000363,M,,,>40,Extended,O,27-01-2011,27-01-2011,Employed,0,Y,M,S,E,772,112,,,,,P,P,Y,Y,Y,1,,O,Y,NJ,120,,N,N,Van,Large,90-160,<15k,0,250
1,AIGW000000364,M,,,>40,Premium,O,14-02-2011,14-02-2011,Unemployed,29735,N,U,S,M,769,69,,,,,N,N,Y,Y,Y,1,,O,Y,CT,90,,N,N,Van,Medsize,90-160,<15k,2,0
1,AIGW000000365,F,,,>40,Basic,M,27-02-2011,27-02-2011,Employed,23082,N,U,S,E,729,65,,,,,P,P,Y,Y,Y,1,,O,Y,KY,80,,N,N,Car,Large,90-160,<15k,2,0
1,AIGW000000366,M,,,>40,Basic,O,12-02-2011,12-02-2011,Employed,53984,Y,M,S,E,687,80,,,,,N,N,Y,Y,Y,0,,R,Y,WV,40,,Y,Y,Truck,Small,90-160,<15k,1,0
1,AIGW000000367,M,,,>40,Basic,M,26-02-2011,26-02-2011,Employed,52135,Y,M,S,M,732,156,,,,,O,O,Y,Y,Y,1,,O,Y,VT,30,,Y,Y,Utility,Small,90-160,<15k,3,300
0,AIGW000000368,M,,,>40,Basic,Y,20-02-2011,20-02-2011,Unemployed,17576,N,M,S,E,795,71,,,,,N,N,Y,Y,Y,1,,R,Y,CT,60,,Y,Y,Van,Medsize,90-160,<15k,0,1000
0,AIGW000000369,F,,,18-27,Basic,M,02-02-2011,02-02-2011,Disabled,29486,Y,M,C,E,678,62,,,,,N,N,N,N,N,1,,O,N,CT,20,,N,N,Car,Medsize,>350,15k-25k,0,1000
0,AIGW000000370,M,,,>40,Basic,M,15-02-2011,15-02-2011,Employed,58557,Y,M,C,M,689,88,,,,,N,N,N,N,N,1,,R,N,NJ,15,,N,N,Van,Large,<90,<15k,0,250
0,AIGW000000371,F,,,>40,Basic,M,18-02-2011,18-02-2011,Employed,25632,Y,M,S,M,696,63,,,,,P,P,Y,Y,Y,2,,O,Y,WV,13,,Y,Y,Car,Medsize,90-160,<15k,0,250
0,AIGW000000372,M,,,18-27,Basic,M,21-01-2011,21-01-2011,Medical Leave,0,N,U,C,M,690,112,,,,,P,P,Y,Y,Y,3,,O,Y,OK,12,,Y,Y,Car,Medsize,161-350,>25k,0,250
0,AIGW000000373,M,,,35-40,Extended,Y,15-01-2011,15-01-2011,Unemployed,18768,Y,U,S,E,650,68,,,,,P,P,N,N,N,2,,O,N,NJ,15,,N,N,Truck,Medsize,90-160,<15k,0,250
0,AIGW000000374,M,,,18-27,Basic,Y,05-02-2011,05-02-2011,Employed,33190,Y,M,C,M,578,106,,,,,N,N,Y,Y,Y,0,,R,Y,NJ,21,,Y,Y,Utility,Medsize,<90,>25k,0,0
0,AIGW000000375,M,,,>40,Extended,Y,24-02-2011,24-02-2011,Employed,47945,N,M,S,E,767,74,,,,,O,O,N,N,N,1,,R,N,FL,30,,Y,Y,Van,Medsize,90-160,<15k,0,0
0,AIGW000000376,M,,,>40,Basic,M,05-01-2011,05-01-2011,Employed,58778,N,M,C,M,672,126,,,,,O,O,Y,Y,Y,0,,R,Y,NJ,5,,Y,Y,Van,Small,90-160,<15k,0,0
0,AIGW000000377,F,,,>40,Basic,Y,28-01-2011,28-01-2011,Employed,15192,N,U,S,C,754,100,,,,,P,P,N,N,N,3,,R,N,CT,10,,N,N,Truck,Medsize,90-160,15k-25k,0,300
0,AIGW000000378,M,,,>40,Basic,M,12-01-2011,12-01-2011,Employed,51859,N,M,C,C,703,171,,,,,N,N,N,N,N,1,,O,N,CT,4,,Y,Y,Van,Medsize,90-160,<15k,3,1000
0,AIGW000000379,M,,,>40,Extended,O,16-02-2011,16-02-2011,Employed,23422,Y,M,S,C,684,72,,,,,P,P,Y,Y,Y,1,,O,Y,NJ,5,,Y,Y,Van,Medsize,90-160,<15k,2,1000
0,AIGW000000380,F,,,18-27,Basic,M,03-01-2011,03-01-2011,Unemployed,21604,Y,U,S,E,783,79,,,,,N,N,Y,Y,Y,0,,O,Y,NJ,5,,N,N,Car,Medsize,90-160,<15k,0,250
0,AIGW000000381,F,,,>40,Extended,Y,07-02-2011,07-02-2011,Employed,79298,Y,U,S,M,674,90,,,,,O,O,Y,Y,Y,0,,O,Y,NJ,2,,N,N,Car,Medsize,>350,15k-25k,0,250
0,AIGW000000382,F,,,35-40,Basic,Y,13-01-2011,13-01-2011,Employed,76731,N,U,S,E,601,64,,,,,N,N,Y,Y,Y,2,,R,Y,CT,1,,N,N,Truck,Medsize,>350,>25k,0,250
0,AIGW000000383,F,,,<18,Basic,Y,03-01-2011,03-01-2011,Employed,67282,N,U,S,E,360,62,,,,,N,N,Y,Y,Y,1,,O,Y,ND,1,,N,N,Car,Medsize,161-350,>25k,0,250
0,AIGW000000384,F,,,>40,Extended,M,17-02-2011,17-02-2011,Disabled,48534,Y,M,S,M,702,115,,,,,N,N,Y,Y,Y,3,,R,Y,NJ,10,,Y,Y,Truck,Small,>350,>25k,0,0
0,AIGW000000385,M,,,18-27,Premium,M,21-01-2011,21-01-2011,Employed,77678,Y,M,S,E,667,116,,,,,P,P,Y,Y,Y,0,,O,Y,CT,50,,Y,Y,Utility,Small,161-350,>25k,0,0
1,AIGW000000386,M,,,>40,Extended,O,26-01-2011,26-01-2011,Retired,48412,N,M,S,E,681,104,,,,,P,P,Y,Y,Y,1,,O,Y,HI,100,,Y,Y,Van,Medsize,90-160,<15k,0,0
1,AIGW000000387,F,,,<18,Basic,O,31-01-2011,31-01-2011,Employed,33837,Y,M,C,M,547,72,,,,,P,P,N,N,N,0,,R,N,NH,120,,N,N,Truck,Medsize,161-350,>25k,0,300
1,AIGW000000388,M,,,18-27,Basic,M,02-01-2011,02-01-2011,Employed,23712,Y,U,S,M,770,85,,,,,N,N,N,N,N,0,,O,N,CT,90,,N,N,Van,Medsize,90-160,<15k,0,1000
1,AIGW000000389,F,,,35-40,Extended,O,07-02-2011,07-02-2011,Employed,28142,Y,U,S,M,616,105,,,,,O,O,Y,Y,Y,0,,O,Y,KY,80,,Y,Y,Utility,Medsize,161-350,>25k,0,1000
1,AIGW000000390,F,,,18-27,Basic,M,26-01-2011,26-01-2011,Medical Leave,72196,N,M,S,E,752,68,,,,,O,O,Y,Y,Y,0,,O,Y,MN,40,,Y,Y,Truck,Medsize,90-160,15k-25k,1,250
1,AIGW000000391,M,,,>40,Basic,Y,11-01-2011,11-01-2011,Employed,68197,Y,M,S,M,756,69,,,,,P,P,N,N,N,0,,R,N,MI,30,,N,N,Van,Medsize,90-160,<15k,1,250
1,AIGW000000392,F,,,35-40,Basic,M,15-01-2011,15-01-2011,Employed,75248,Y,M,S,E,591,63,,,,,N,N,Y,Y,Y,0,,R,Y,OK,60,,Y,Y,Truck,Large,161-350,>25k,1,250
0,AIGW000000393,M,,,35-40,Basic,M,08-02-2011,08-02-2011,Employed,0,Y,M,S,M,692,98,,,,,P,P,N,N,N,1,,R,N,VA,20,,Y,Y,Utility,Small,90-160,<15k,1,250
0,AIGW000000394,F,,,35-40,Extended,M,11-01-2011,11-01-2011,Unemployed,0,N,M,S,C,690,65,,,,,N,N,Y,Y,Y,2,,R,Y,NJ,15,,Y,Y,Truck,Medsize,161-350,>25k,1,0
1,AIGW000000395,M,,,18-27,Basic,M,09-01-2011,09-01-2011,Employed,41546,Y,M,S,C,487,111,,,,,O,O,N,N,N,2,,O,N,VT,13,,N,N,Car,Medsize,90-160,>25k,1,0
0,AIGW000000396,M,,,18-27,Basic,Y,04-02-2011,04-02-2011,Medical Leave,46998,Y,U,C,C,690,96,,,,,N,N,N,N,N,1,,O,N,VT,12,,Y,Y,Van,Medsize,90-160,<15k,1,0
1,AIGW000000397,M,,,18-27,Basic,Y,21-01-2011,21-01-2011,Medical Leave,57099,Y,U,C,E,733,67,,,,,N,N,Y,Y,Y,3,,O,Y,CO,15,,Y,Y,Car,Small,161-350,>25k,1,300
1,AIGW000000398,F,,,35-40,Premium,Y,16-02-2011,16-02-2011,Employed,33897,N,M,S,M,625,114,,,,,N,N,Y,Y,Y,2,,O,Y,GA,15,,Y,Y,Van,Small,90-160,<15k,1,1000
1,AIGW000000399,F,,,18-27,Extended,M,24-02-2011,24-02-2011,Employed,59207,Y,M,C,E,690,116,,,,,P,P,Y,Y,Y,1,,R,Y,IA,21,,N,N,Car,Medsize,161-350,>25k,1,1000
1,AIGW000000400,F,,,35-40,Extended,Y,18-01-2011,18-01-2011,Unemployed,40171,Y,M,S,E,644,73,,,,,P,P,Y,Y,Y,0,,O,Y,CT,30,,Y,Y,Truck,Medsize,161-350,>25k,2,250
0,AIGW000000401,F,,,35-40,Basic,M,30-01-2011,30-01-2011,Unemployed,67798,N,U,C,M,739,69,,,,,N,N,Y,Y,Y,2,,R,Y,NJ,5,,Y,Y,Truck,Medsize,161-350,>25k,2,250
0,AIGW000000402,M,,,18-27,Basic,O,09-01-2011,09-01-2011,Employed,21665,N,M,S,E,642,136,,,,,N,N,Y,Y,Y,2,,O,Y,NJ,10,,Y,Y,Car,Medsize,161-350,<15k,1,250
0,AIGW000000403,M,,,35-40,Basic,M,01-02-2011,01-02-2011,Employed,0,N,M,S,E,486,87,,,,,P,P,Y,Y,Y,4,,O,Y,VA,4,,N,N,Truck,Medsize,90-160,>25k,3,250
0,AIGW000000404,F,,,18-27,Basic,Y,28-02-2011,28-02-2011,Unemployed,0,N,U,S,M,670,67,,,,,P,P,Y,Y,Y,0,,R,Y,NJ,5,,Y,Y,Car,Medsize,>350,15k-25k,2,0
0,AIGW000000405,F,,,>40,Extended,Y,31-01-2011,31-01-2011,Employed,34226,Y,U,S,M,756,244,,,,,P,P,N,N,N,1,,R,N,NJ,5,,Y,Y,Car,Small,90-160,15k-25k,2,0
0,AIGW000000406,M,,,28-34,Extended,Y,17-02-2011,17-02-2011,Employed,65989,Y,U,S,E,772,123,,,,,N,N,N,N,N,1,,R,N,NJ,2,,N,N,Truck,Medsize,>350,<15k,3,0
0,AIGW000000407,M,,,35-40,Basic,M,12-02-2011,12-02-2011,Unemployed,30686,Y,U,S,E,727,61,,,,,O,O,Y,Y,Y,1,,R,Y,SC,1,,N,N,Truck,Medsize,90-160,<15k,4,300
0,AIGW000000408,M,,,18-27,Basic,M,24-02-2011,24-02-2011,Employed,0,N,M,S,E,677,113,,,,,O,O,Y,Y,Y,3,,O,Y,NJ,1,,N,N,Utility,Large,>350,>25k,5,1000
0,AIGW000000409,F,,,35-40,Basic,O,01-02-2011,01-02-2011,Employed,20090,N,M,S,M,710,109,,,,,P,P,N,N,N,2,,O,N,NJ,10,,N,N,Truck,Medsize,>350,>25k,1,1000
0,AIGW000000410,F,,,35-40,Basic,O,06-02-2011,06-02-2011,Employed,0,Y,M,C,M,775,183,,,,,N,N,Y,Y,Y,1,,O,Y,MT,50,,Y,Y,Car,Large,90-160,15k-25k,5,250
0,AIGW000000411,F,,,>40,Extended,M,23-01-2011,23-01-2011,Employed,77094,Y,U,C,M,671,176,,,,,P,P,N,N,N,1,,O,N,OH,100,,Y,Y,Car,Medsize,90-160,<15k,4,250
0,AIGW000000412,M,,,18-27,Extended,O,21-01-2011,21-01-2011,Employed,97413,N,U,S,E,429,73,,,,,N,N,Y,Y,Y,3,,R,Y,NJ,120,,Y,Y,Car,Medsize,>350,>25k,2,250
0,AIGW000000413,F,,,>40,Basic,M,20-01-2011,20-01-2011,Employed,79189,Y,M,C,M,730,69,,,,,O,O,N,N,N,1,,O,N,CA,90,,N,N,Car,Medsize,>350,<15k,1,250
0,AIGW000000414,M,,,35-40,Extended,Y,06-01-2011,06-01-2011,Employed,0,Y,M,S,E,783,62,,,,,N,N,N,N,N,0,,R,N,NJ,80,,N,N,Truck,Medsize,90-160,<15k,3,0
0,AIGW000000415,M,,,18-27,Extended,M,22-02-2011,22-02-2011,Unemployed,18577,Y,M,C,E,692,86,,,,,N,N,Y,Y,Y,0,,O,Y,AZ,40,,Y,Y,Van,Medsize,90-160,>25k,2,0
0,AIGW000000416,F,,,>40,Basic,M,27-02-2011,27-02-2011,Retired,0,N,M,S,E,678,112,,,,,N,N,Y,Y,Y,0,,O,Y,CT,30,,Y,Y,Car,Medsize,90-160,<15k,0,0
0,AIGW000000417,M,,,>40,Basic,M,21-02-2011,21-02-2011,Employed,40783,Y,M,C,M,768,67,,,,,P,P,Y,Y,Y,0,,R,Y,TN,60,,N,N,Utility,Medsize,90-160,<15k,0,300
0,AIGW000000418,M,,,18-27,Basic,M,29-01-2011,29-01-2011,Employed,0,Y,M,S,M,752,74,,,,,P,P,Y,Y,Y,1,,O,Y,CT,20,,Y,Y,Utility,Medsize,90-160,<15k,0,1000
1,AIGW000000419,F,,,35-40,Basic,Y,22-02-2011,22-02-2011,Employed,17483,N,U,C,M,621,183,,,,,P,P,Y,Y,Y,2,,O,Y,PA,15,,Y,Y,Utility,Large,>350,>25k,0,1000
1,AIGW000000420,M,,,18-27,Premium,Y,21-02-2011,21-02-2011,Unemployed,84394,N,U,S,E,756,114,,,,,N,N,Y,Y,Y,0,,O,Y,NJ,13,,Y,Y,Van,Medsize,90-160,<15k,0,250
1,AIGW000000421,M,,,>40,Extended,Y,10-01-2011,10-01-2011,Employed,0,N,M,S,M,716,127,,,,,O,O,Y,Y,Y,1,,R,Y,NJ,12,,N,N,Truck,Medsize,90-160,<15k,0,250
1,AIGW000000422,M,,,>40,Extended,M,18-01-2011,18-01-2011,Employed,41440,N,U,S,E,690,62,,,,,O,O,Y,Y,Y,1,,R,Y,CT,15,,Y,Y,Utility,Small,90-160,<15k,0,250
1,AIGW000000423,F,,,18-27,Basic,Y,16-01-2011,16-01-2011,Employed,0,Y,M,S,M,736,136,,,,,P,P,N,N,N,0,,R,N,OK,21,,Y,Y,Car,Small,161-350,>25k,0,250
1,AIGW000000424,M,,,>40,Basic,M,06-01-2011,06-01-2011,Employed,98132,Y,U,S,C,697,71,,,,,N,N,N,N,N,1,,R,N,NJ,30,,N,N,Van,Medsize,90-160,<15k,0,0
1,AIGW000000425,M,,,>40,Basic,O,27-01-2011,27-01-2011,Employed,0,Y,M,S,C,791,112,,,,,P,P,Y,Y,Y,0,,O,Y,CT,5,,N,N,Van,Medsize,90-160,<15k,0,0
0,AIGW000000426,M,,,35-40,Basic,M,15-01-2011,15-01-2011,Employed,88220,N,M,S,C,705,230,,,,,N,N,Y,Y,Y,0,,O,Y,NJ,10,,N,N,Van,Small,90-160,<15k,1,0
0,AIGW000000427,F,,,>40,Basic,Y,09-01-2011,09-01-2011,Employed,58327,N,U,S,E,706,129,,,,,O,O,N,N,N,0,,O,N,CT,21,,N,N,Car,Medsize,<90,>25k,1,300
1,AIGW000000428,M,,,18-27,Premium,Y,28-01-2011,28-01-2011,Retired,25950,Y,U,C,M,712,66,,,,,N,N,Y,Y,Y,1,,O,Y,OK,30,,Y,Y,Truck,Medsize,90-160,>25k,1,1000
0,AIGW000000429,M,,,>40,Basic,Y,26-02-2011,26-02-2011,Unemployed,20993,Y,U,C,E,778,133,,,,,N,N,N,N,N,1,,R,N,CT,5,,Y,Y,Van,Medsize,90-160,<15k,1,1000
1,AIGW000000430,M,,,35-40,Basic,M,04-01-2011,04-01-2011,Employed,65726,N,U,S,E,543,177,,,,,N,N,Y,Y,Y,2,,O,Y,NJ,10,,Y,Y,Truck,Medsize,90-160,>25k,1,250
1,AIGW000000431,M,,,>40,Basic,M,01-02-2011,01-02-2011,Employed,0,Y,M,C,M,798,63,,,,,P,P,N,N,N,1,,R,N,NJ,4,,N,N,Utility,Large,90-160,<15k,1,250
1,AIGW000000432,F,,,>40,Basic,O,27-01-2011,27-01-2011,Employed,39783,Y,M,S,E,692,72,,,,,P,P,N,N,N,0,,O,N,CT,5,,N,N,Car,Medsize,>350,<15k,1,250
1,AIGW000000433,F,,,18-27,Extended,O,14-02-2011,14-02-2011,Employed,58842,Y,M,C,E,687,110,,,,,P,P,Y,Y,Y,1,,R,Y,CT,5,,Y,Y,Truck,Medsize,90-160,<15k,1,250
0,AIGW000000434,F,,,35-40,Extended,M,23-01-2011,23-01-2011,Unemployed,25629,N,M,S,M,669,124,,,,,N,N,Y,Y,Y,0,,R,Y,NM,2,,Y,Y,Truck,Medsize,161-350,>25k,1,0
0,AIGW000000435,M,,,18-27,Basic,O,18-02-2011,18-02-2011,Unemployed,48567,Y,M,C,M,684,130,,,,,O,O,Y,Y,Y,0,,R,Y,SD,1,,N,N,Truck,Medsize,90-160,<15k,1,0
0,AIGW000000436,F,,,35-40,Premium,M,24-01-2011,24-01-2011,Employed,0,Y,M,S,M,313,196,,,,,O,O,Y,Y,Y,3,,R,Y,NJ,1,,Y,Y,Truck,Large,>350,>25k,2,0
0,AIGW000000437,M,,,18-27,Extended,Y,18-02-2011,18-02-2011,Unemployed,33746,N,M,C,E,660,74,,,,,P,P,Y,Y,Y,1,,O,Y,NJ,10,,Y,Y,Car,Medsize,161-350,15k-25k,2,300
0,AIGW000000438,F,,,18-27,Premium,M,19-01-2011,19-01-2011,Employed,22254,N,U,S,M,761,79,,,,,N,N,Y,Y,Y,0,,O,Y,CT,50,,Y,Y,Truck,Large,90-160,<15k,1,1000
0,AIGW000000439,F,,,35-40,Extended,M,04-01-2011,04-01-2011,Employed,65974,N,U,S,E,781,113,,,,,P,P,Y,Y,Y,1,,O,Y,NJ,100,,N,N,Car,Medsize,90-160,<15k,3,1000
0,AIGW000000440,F,,,18-27,Extended,M,07-02-2011,07-02-2011,Unemployed,0,N,M,S,M,752,76,,,,,N,N,Y,Y,Y,0,,O,Y,NJ,120,,Y,Y,Car,Large,>350,<15k,2,250
0,AIGW000000441,M,,,18-27,Basic,M,30-01-2011,30-01-2011,Employed,17161,Y,M,S,C,593,113,,,,,O,O,N,N,N,3,,R,N,CT,90,,Y,Y,Car,Small,161-350,<15k,2,250
0,AIGW000000442,F,,,28-34,Basic,Y,17-02-2011,17-02-2011,Unemployed,0,Y,M,S,C,692,74,,,,,N,N,N,N,N,1,,O,N,NJ,80,,N,N,Truck,Medsize,90-160,>25k,3,250
0,AIGW000000443,M,,,>40,Extended,Y,13-01-2011,13-01-2011,Employed,0,Y,M,S,C,676,132,,,,,N,N,Y,Y,Y,1,,R,Y,WV,40,,N,N,Van,Medsize,90-160,<15k,4,250
0,AIGW000000444,F,,,>40,Premium,Y,08-02-2011,08-02-2011,Unemployed,0,N,M,S,E,791,73,,,,,N,N,Y,Y,Y,1,,O,Y,NJ,30,,N,N,Truck,Medsize,90-160,<15k,5,0
0,AIGW000000445,M,,,>40,Basic,M,29-01-2011,29-01-2011,Employed,67752,N,M,S,M,776,131,,,,,P,P,N,N,N,1,,O,N,WV,60,,N,N,Utility,Small,90-160,<15k,1,0
0,AIGW000000446,M,,,35-40,Basic,Y,05-02-2011,05-02-2011,Unemployed,25398,Y,U,C,E,770,64,,,,,P,P,Y,Y,Y,1,,R,Y,NV,20,,Y,Y,Van,Medsize,90-160,<15k,5,0
0,AIGW000000447,M,,,18-27,Extended,M,20-01-2011,20-01-2011,Employed,0,Y,U,C,E,730,88,,,,,P,P,N,N,N,1,,O,N,KY,15,,Y,Y,Truck,Medsize,90-160,>25k,4,300
0,AIGW000000448,M,,,35-40,Extended,O,27-01-2011,27-01-2011,Employed,33321,N,M,S,M,373,105,,,,,N,N,Y,Y,Y,4,,O,Y,CT,13,,Y,Y,Truck,Medsize,161-350,>25k,2,1000
0,AIGW000000449,F,,,<18,Basic,M,09-01-2011,09-01-2011,Unemployed,0,Y,M,C,E,765,78,,,,,O,O,N,N,N,1,,O,N,NJ,12,,N,N,Car,Small,90-160,15k-25k,1,1000
0,AIGW000000450,M,,,>40,Basic,Y,11-01-2011,11-01-2011,Employed,68798,Y,M,S,E,791,114,,,,,O,O,N,N,N,1,,R,N,CT,15,,N,N,Van,Medsize,90-160,<15k,3,250
0,AIGW000000451,M,,,35-40,Extended,Y,17-02-2011,17-02-2011,Employed,20325,Y,U,C,M,580,100,,,,,P,P,Y,Y,Y,3,,R,Y,NE,21,,Y,Y,Truck,Medsize,90-160,<15k,2,250
1,AIGW000000452,F,,,18-27,Extended,Y,16-02-2011,16-02-2011,Disabled,13129,N,M,S,M,710,117,,,,,N,N,Y,Y,Y,0,,R,Y,RI,30,,Y,Y,Car,Medsize,90-160,>25k,0,250
1,AIGW000000453,F,,,18-27,Basic,M,10-02-2011,10-02-2011,Medical Leave,0,Y,M,C,M,792,73,,,,,P,P,Y,Y,Y,3,,R,Y,NJ,5,,N,N,Truck,Large,90-160,15k-25k,0,250
1,AIGW000000454,M,,,18-27,Basic,M,19-02-2011,19-02-2011,Employed,49080,Y,U,S,E,468,91,,,,,N,N,Y,Y,Y,2,,O,Y,CO,10,,Y,Y,Car,Small,>350,15k-25k,0,0
1,AIGW000000455,F,,,35-40,Basic,O,21-01-2011,21-01-2011,Employed,42536,N,U,C,M,643,63,,,,,O,O,Y,Y,Y,3,,O,Y,NJ,4,,Y,Y,Van,Medsize,90-160,<15k,0,0
1,AIGW000000456,M,,,18-27,Basic,O,27-02-2011,27-02-2011,Employed,29926,N,U,S,E,694,74,,,,,N,N,Y,Y,Y,3,,O,Y,NJ,5,,Y,Y,Utility,Medsize,161-350,>25k,0,0
1,AIGW000000457,M,,,18-27,Basic,M,04-02-2011,04-02-2011,Employed,0,N,U,S,M,696,86,,,,,N,N,Y,Y,Y,1,,O,Y,AR,5,,N,N,Van,Medsize,90-160,>25k,0,300
1,AIGW000000458,M,,,>40,Basic,O,18-01-2011,18-01-2011,Retired,21450,N,M,S,C,755,138,,,,,N,N,Y,Y,Y,0,,R,Y,WY,2,,Y,Y,Truck,Medsize,<90,<15k,0,1000
0,AIGW000000459,M,,,18-27,Extended,M,03-02-2011,03-02-2011,Employed,33345,Y,U,S,C,746,65,,,,,P,P,N,N,N,0,,O,N,CT,1,,Y,Y,Utility,Medsize,90-160,<15k,0,1000
1,AIGW000000460,F,,,>40,Basic,Y,02-01-2011,02-01-2011,Unemployed,15752,Y,U,S,C,794,90,,,,,P,P,N,N,N,1,,R,N,CT,1,,N,N,Car,Large,90-160,15k-25k,0,250
0,AIGW000000461,M,,,18-27,Basic,M,09-01-2011,09-01-2011,Employed,40169,Y,M,S,E,687,65,,,,,P,P,Y,Y,Y,3,,O,Y,CA,10,,N,N,Car,Medsize,>350,>25k,0,250
1,AIGW000000462,F,,,>40,Basic,M,19-01-2011,19-01-2011,Unemployed,26049,N,M,S,M,779,113,,,,,N,N,Y,Y,Y,0,,R,Y,ME,50,,N,N,Car,Medsize,90-160,<15k,0,250
1,AIGW000000463,M,,,18-27,Extended,M,11-01-2011,11-01-2011,Retired,0,N,M,S,E,627,68,,,,,O,O,N,N,N,2,,O,N,WV,100,,N,N,Car,Medsize,161-350,15k-25k,0,250
1,AIGW000000464,M,,,18-27,Basic,M,31-01-2011,31-01-2011,Unemployed,55411,Y,M,C,E,631,100,,,,,O,O,Y,Y,Y,3,,O,Y,CT,120,,Y,Y,Car,Medsize,>350,<15k,0,0
1,AIGW000000465,M,,,>40,Basic,Y,11-01-2011,11-01-2011,Medical Leave,12459,Y,M,S,M,786,70,,,,,P,P,N,N,N,0,,O,N,CT,90,,Y,Y,Utility,Small,90-160,<15k,0,0
0,AIGW000000466,M,,,>40,Premium,Y,11-02-2011,11-02-2011,Unemployed,64620,N,M,S,E,676,76,,,,,N,N,Y,Y,Y,1,,R,Y,WI,80,,Y,Y,Van,Small,90-160,<15k,0,0
0,AIGW000000467,M,,,18-27,Basic,Y,22-01-2011,22-01-2011,Unemployed,83140,Y,U,S,E,596,61,,,,,P,P,N,N,N,0,,R,N,NJ,40,,N,N,Car,Medsize,161-350,>25k,0,300
0,AIGW000000468,M,,,18-27,Basic,M,24-02-2011,24-02-2011,Employed,0,Y,U,S,M,668,92,,,,,N,N,N,N,N,3,,R,N,NJ,30,,N,N,Car,Medsize,161-350,<15k,0,1000
0,AIGW000000469,M,,,18-27,Basic,Y,28-02-2011,28-02-2011,Unemployed,54422,Y,M,S,M,676,68,,,,,O,O,Y,Y,Y,2,,R,Y,NC,60,,Y,Y,Car,Medsize,161-350,>25k,0,1000
0,AIGW000000470,M,,,35-40,Basic,M,25-01-2011,25-01-2011,Medical Leave,68309,N,U,S,M,783,131,,,,,N,N,Y,Y,Y,1,,O,Y,NJ,20,,Y,Y,Van,Small,90-160,<15k,0,250
0,AIGW000000471,F,,,>40,Basic,O,26-02-2011,26-02-2011,Disabled,56621,Y,M,S,E,779,65,,,,,N,N,Y,Y,Y,0,,O,Y,NJ,15,,N,N,Car,Medsize,90-160,<15k,0,250
0,AIGW000000472,M,,,18-27,Basic,M,19-02-2011,19-02-2011,Employed,38977,Y,U,S,M,431,70,,,,,N,N,Y,Y,Y,3,,O,Y,CT,13,,Y,Y,Car,Medsize,161-350,>25k,2,250
0,AIGW000000473,M,,,>40,Basic,Y,02-01-2011,02-01-2011,Unemployed,0,N,M,C,E,659,111,,,,,P,P,Y,Y,Y,3,,O,Y,CT,12,,Y,Y,Truck,Medsize,90-160,<15k,2,250
0,AIGW000000474,M,,,18-27,Basic,Y,02-01-2011,02-01-2011,Employed,0,N,M,C,M,681,114,,,,,P,P,Y,Y,Y,1,,R,Y,CT,15,,Y,Y,Car,Medsize,>350,>25k,1,0
0,AIGW000000475,F,,,35-40,Premium,Y,26-01-2011,26-01-2011,Employed,0,N,U,S,C,599,83,,,,,P,P,Y,Y,Y,3,,O,Y,NJ,21,,N,N,Truck,Medsize,>350,>25k,3,0
0,AIGW000000476,F,,,18-27,Extended,M,02-02-2011,02-02-2011,Employed,83235,N,U,C,C,799,70,,,,,N,N,Y,Y,Y,0,,R,Y,TN,30,,Y,Y,Car,Medsize,90-160,15k-25k,0,0
0,AIGW000000477,F,,,>40,Basic,M,27-02-2011,27-02-2011,Employed,0,Y,U,S,C,670,74,,,,,O,O,N,N,N,0,,O,N,MO,15,,Y,Y,Car,Medsize,90-160,<15k,0,300
0,AIGW000000478,M,,,18-27,Extended,O,20-01-2011,20-01-2011,Unemployed,32390,Y,U,C,E,827,80,,,,,O,O,N,N,N,2,,O,N,CT,21,,N,N,Car,Medsize,161-350,>25k,0,1000
0,AIGW000000479,F,,,>40,Basic,O,17-01-2011,17-01-2011,Employed,66538,Y,M,S,M,734,95,,,,,P,P,Y,Y,Y,1,,R,Y,NV,30,,N,N,Car,Medsize,90-160,<15k,0,1000
0,AIGW000000480,M,,,18-27,Basic,M,17-01-2011,17-01-2011,Unemployed,0,N,M,C,E,622,64,,,,,N,N,Y,Y,Y,3,,O,Y,CT,5,,N,N,Car,Medsize,>350,>25k,0,250
0,AIGW000000481,M,,,18-27,Basic,O,24-02-2011,24-02-2011,Employed,76358,N,M,S,E,394,66,,,,,P,P,N,N,N,2,,O,N,NJ,10,,N,N,Car,Medsize,90-160,>25k,0,250
0,AIGW000000482,F,,,>40,Extended,M,14-02-2011,14-02-2011,Employed,43860,Y,M,C,M,698,65,,,,,N,N,Y,Y,Y,0,,O,Y,CT,4,,Y,Y,Car,Medsize,90-160,<15k,0,250
0,AIGW000000483,M,,,18-27,Extended,Y,20-02-2011,20-02-2011,Employed,55350,Y,U,C,E,636,67,,,,,O,O,N,N,N,0,,R,N,CT,5,,Y,Y,Car,Medsize,>350,>25k,0,250
1,AIGW000000484,M,,,>40,Extended,M,19-02-2011,19-02-2011,Unemployed,12964,N,U,S,E,681,65,,,,,N,N,Y,Y,Y,1,,R,Y,WV,5,,Y,Y,Van,Medsize,>350,<15k,0,0
1,AIGW000000485,M,,,18-27,Basic,M,08-02-2011,08-02-2011,Employed,33288,Y,M,C,M,675,86,,,,,N,N,N,N,N,2,,R,N,NJ,2,,N,N,Car,Medsize,>350,>25k,0,0
1,AIGW000000486,F,,,>40,Basic,M,06-02-2011,06-02-2011,Employed,0,Y,M,S,M,723,84,,,,,N,N,N,N,N,1,,R,N,NJ,1,,N,N,Truck,Medsize,>350,<15k,3,0
1,AIGW000000487,M,,,18-27,Basic,M,27-02-2011,27-02-2011,Employed,56168,Y,M,S,M,670,88,,,,,P,P,Y,Y,Y,2,,O,Y,IA,1,,Y,Y,Car,Small,161-350,>25k,2,300
1,AIGW000000488,M,,,18-27,Basic,Y,01-02-2011,01-02-2011,Employed,0,N,M,S,E,701,92,,,,,P,P,Y,Y,Y,2,,O,Y,TX,10,,Y,Y,Car,Medsize,161-350,>25k,0,1000
1,AIGW000000489,M,,,>40,Basic,Y,23-02-2011,23-02-2011,Employed,23105,Y,M,S,M,843,69,,,,,P,P,Y,Y,Y,1,,O,Y,NC,50,,N,N,Utility,Small,90-160,<15k,0,1000
1,AIGW000000490,F,,,35-40,Extended,Y,11-01-2011,11-01-2011,Employed,36218,Y,M,S,E,790,68,,,,,N,N,Y,Y,Y,1,,O,Y,CT,100,,Y,Y,Car,Large,90-160,<15k,0,250
0,AIGW000000491,M,,,>40,Premium,M,10-02-2011,10-02-2011,Unemployed,52275,Y,U,S,M,741,62,,,,,O,O,Y,Y,Y,1,,R,Y,VT,120,,Y,Y,Van,Medsize,90-160,<15k,0,250
0,AIGW000000492,M,,,35-40,Basic,Y,25-02-2011,25-02-2011,Employed,49665,Y,U,S,C,728,74,,,,,O,O,Y,Y,Y,1,,O,Y,MD,90,,Y,Y,Van,Large,90-160,<15k,0,250
1,AIGW000000493,F,,,35-40,Extended,M,16-02-2011,16-02-2011,Employed,32471,Y,M,S,C,776,110,,,,,P,P,Y,Y,Y,0,,R,Y,NJ,80,,N,N,Car,Medsize,<90,<15k,0,250
0,AIGW000000494,F,,,35-40,Extended,O,30-01-2011,30-01-2011,Unemployed,0,Y,U,S,C,694,86,,,,,N,N,Y,Y,Y,2,,O,Y,NJ,40,,Y,Y,Truck,Medsize,>350,>25k,0,0
1,AIGW000000495,F,,,>40,Premium,M,11-02-2011,11-02-2011,Employed,62773,Y,M,C,E,673,73,,,,,P,P,N,N,N,0,,O,N,CA,30,,Y,Y,Car,Medsize,90-160,<15k,0,0
1,AIGW000000496,F,,,>40,Extended,Y,14-01-2011,14-01-2011,Employed,76694,Y,U,C,M,688,117,,,,,N,N,N,N,N,0,,R,N,FL,60,,Y,Y,Truck,Medsize,90-160,<15k,0,0
1,AIGW000000497,F,,,35-40,Basic,Y,14-02-2011,14-02-2011,Employed,55687,Y,M,S,E,712,276,,,,,O,O,Y,Y,Y,0,,R,Y,ID,20,,Y,Y,Car,Medsize,90-160,<15k,0,300
